district,eligible,voters,turnout,municipality,APL_NUM
Senamiesčio,1563,696,44.53,Akmenės rajono,1
V. Kudirkos,1956,797,40.75,Akmenės rajono,2
Respublikos,1849,814,44.02,Akmenės rajono,3
Ramučių,1410,646,45.82,Akmenės rajono,4
Agluonų,329,158,48.02,Akmenės rajono,5
Akmenės 1-oji,2209,1088,49.25,Akmenės rajono,6
Alkiškių,462,184,39.83,Akmenės rajono,7
Daubiškių,566,216,38.16,Akmenės rajono,8
Kairiškių,310,150,48.39,Akmenės rajono,9
Gulbinų,892,376,42.15,Akmenės rajono,10
Kivylių,384,195,50.78,Akmenės rajono,11
Kruopių,564,283,50.18,Akmenės rajono,12
Jučių,131,66,50.38,Akmenės rajono,13
Šapnagių,229,93,40.61,Akmenės rajono,14
Pavenčio,1333,541,40.59,Akmenės rajono,15
Papilės,1296,564,43.52,Akmenės rajono,16
Luokavos,484,246,50.83,Akmenės rajono,17
Sablauskių,418,203,48.56,Akmenės rajono,18
Ventos,1485,657,44.24,Akmenės rajono,19
Kalniškių,212,103,48.58,Akmenės rajono,20
Eglesių,164,69,42.07,Akmenės rajono,21
Klykolių,162,86,53.09,Akmenės rajono,22
Naujamiesčio,969,570,58.82,Akmenės rajono,24
Amatų,1387,731,52.7,Alytaus miesto,1
A.Ramanausko-Vanago,1763,923,52.35,Alytaus miesto,2
Centro,1764,806,45.69,Alytaus miesto,3
A.Matučio,2827,1102,38.98,Alytaus miesto,4
Santaikos,1117,522,46.73,Alytaus miesto,5
Kolegijos,3151,1529,48.52,Alytaus miesto,6
Dzūkijos,1647,751,45.6,Alytaus miesto,7
Naujoji,1804,791,43.85,Alytaus miesto,8
Statybininkų,1550,706,45.55,Alytaus miesto,9
Vilties,2069,868,41.95,Alytaus miesto,10
Sporto,2162,977,45.19,Alytaus miesto,11
Putinų,2060,914,44.37,Alytaus miesto,12
Šaltinių,2168,1029,47.46,Alytaus miesto,13
Ūdrijos,1296,446,34.41,Alytaus miesto,14
Alytaus dujų ūkio,1671,728,43.57,Alytaus miesto,15
Pramonės,1464,462,31.56,Alytaus miesto,16
Panemunės,996,383,38.45,Alytaus miesto,17
Vidzgirio,3318,1454,43.82,Alytaus miesto,18
Jotvingių,2479,1040,41.95,Alytaus miesto,19
Topolių,1686,726,43.06,Alytaus miesto,20
Volungės,3576,1559,43.6,Alytaus miesto,21
Jaunimo,2389,1125,47.09,Alytaus miesto,22
Jurgiškių,3449,1444,41.87,Alytaus miesto,23
Likiškėlių,2887,1180,40.87,Alytaus miesto,24
Praniūnų,760,336,44.21,Alytaus rajono,2
Genių,362,168,46.41,Alytaus rajono,3
Miklusėnų,1292,630,48.76,Alytaus rajono,4
Luksnėnų,627,290,46.25,Alytaus rajono,6
Geištarų,1301,491,37.74,Alytaus rajono,8
Miroslavo,1344,617,45.91,Alytaus rajono,9
Parėčėnų,410,179,43.66,Alytaus rajono,12
Papėčių,149,91,61.07,Alytaus rajono,13
Kumečių,496,211,42.54,Alytaus rajono,14
Vankiškių,473,213,45.03,Alytaus rajono,15
Simno,1361,630,46.29,Alytaus rajono,16
Mergalaukio,453,193,42.6,Alytaus rajono,17
Kalesninkų,371,156,42.05,Alytaus rajono,18
Kavalčiukų,237,118,49.79,Alytaus rajono,19
Ąžuolinių,430,179,41.63,Alytaus rajono,20
Verebiejų,448,197,43.97,Alytaus rajono,21
Gluosninkų,164,57,34.76,Alytaus rajono,22
Krokialaukio,809,364,44.99,Alytaus rajono,23
Ūdrijos,599,255,42.57,Alytaus rajono,24
Santaikos,515,223,43.3,Alytaus rajono,25
Punios,610,322,52.79,Alytaus rajono,26
Raižių,261,111,42.53,Alytaus rajono,27
Vaisodžių,956,369,38.6,Alytaus rajono,28
Žagarių,216,102,47.22,Alytaus rajono,29
Butrimonių,983,420,42.73,Alytaus rajono,30
Vanagėlių,247,109,44.13,Alytaus rajono,31
Eičiūnų,524,240,45.8,Alytaus rajono,32
Pivašiūnų,478,257,53.77,Alytaus rajono,33
Mikalavo,195,100,51.28,Alytaus rajono,34
Junčionių,209,113,54.07,Alytaus rajono,35
Jurgelionių,382,135,35.34,Alytaus rajono,36
Kedonių,165,86,52.12,Alytaus rajono,37
Daugų,1739,906,52.1,Alytaus rajono,38
Rodžios,89,38,42.7,Alytaus rajono,39
Vaikantonių,434,190,43.78,Alytaus rajono,40
Rimėnų,348,132,37.93,Alytaus rajono,41
Meškučių,118,56,47.46,Alytaus rajono,42
Pocelonių,176,79,44.89,Alytaus rajono,43
Alytaus,779,290,37.23,Alytaus rajono,44
Venciūnų,941,350,37.19,Alytaus rajono,45
Alovės,699,291,41.63,Alytaus rajono,46
Ilgų,272,122,44.85,Alytaus rajono,47
Makniūnų,430,211,49.07,Alytaus rajono,48
Ryliškių,348,172,49.43,Alytaus rajono,49
Nemunaičio,997,406,40.72,Alytaus rajono,50
Senamiesčio,3060,1527,49.9,Anykščių rajono,1
Janydžių,1609,876,54.44,Anykščių rajono,2
Ažupiečių,1814,889,49.01,Anykščių rajono,3
Liudiškių,2663,1220,45.81,Anykščių rajono,4
Piktagalio,473,209,44.19,Anykščių rajono,5
Ažuožerių,551,255,46.28,Anykščių rajono,6
Elmos,1077,479,44.48,Anykščių rajono,7
Burbiškio,651,279,42.86,Anykščių rajono,8
Šlavėnų,425,169,39.76,Anykščių rajono,9
Debeikių,1188,459,38.64,Anykščių rajono,10
Leliūnų,388,212,54.64,Anykščių rajono,11
Kavarsko,879,419,47.67,Anykščių rajono,12
Dabužių,250,99,39.6,Anykščių rajono,13
Janušavos,718,253,35.24,Anykščių rajono,14
Svirnų,428,147,34.35,Anykščių rajono,15
Šerių,358,143,39.94,Anykščių rajono,16
Šovenių,159,94,59.12,Anykščių rajono,17
Kurklių,491,224,45.62,Anykščių rajono,18
Kurklių II k.,343,173,50.44,Anykščių rajono,19
Staškūniškio,392,203,51.79,Anykščių rajono,20
Katlėrių,312,132,42.31,Anykščių rajono,21
Skiemonių,476,192,40.34,Anykščių rajono,22
Mačionių,284,155,54.58,Anykščių rajono,23
Daujočių,231,131,56.71,Anykščių rajono,24
Aulelių,168,99,58.93,Anykščių rajono,25
Svėdasų,1321,675,51.1,Anykščių rajono,26
Vaitkūnų,290,173,59.66,Anykščių rajono,27
Troškūnų,1290,502,38.91,Anykščių rajono,28
Vašuokėnų,181,88,48.62,Anykščių rajono,30
Surdegio,343,148,43.15,Anykščių rajono,31
Nausodės,179,79,44.13,Anykščių rajono,32
Raguvėlės,384,217,56.51,Anykščių rajono,33
Levaniškių,327,140,42.81,Anykščių rajono,34
Traupio,369,197,53.39,Anykščių rajono,35
Andrioniškio,474,275,58.02,Anykščių rajono,36
Viešintų,746,319,42.76,Anykščių rajono,37
Birštono m.,2455,1447,58.94,Birštono,1
Birštono vienkiemio,1161,550,47.37,Birštono,2
Nemajūnų,514,226,43.97,Birštono,3
Atžalyno,2238,1000,44.68,Biržų rajono,1
Rotušės,922,463,50.22,Biržų rajono,2
Aušros,2389,1231,51.53,Biržų rajono,3
Saulės,2301,1148,49.89,Biržų rajono,4
Kaštonų,3141,1379,43.9,Biržų rajono,5
Anglininkų,281,144,51.25,Biržų rajono,6
Kratiškių,549,272,49.54,Biržų rajono,7
Nausėdžių,361,154,42.66,Biržų rajono,8
Obelaukių,810,378,46.67,Biržų rajono,9
Rinkuškių,1611,641,39.79,Biržų rajono,10
Germaniškio,505,180,35.64,Biržų rajono,11
Nemunėlio Radviliškio,766,304,39.69,Biržų rajono,12
Pučiakalnės,279,116,41.58,Biržų rajono,13
Kirdonių,675,290,42.96,Biržų rajono,14
Pabiržės,860,371,43.14,Biržų rajono,15
Pačeriaukštės,434,178,41.01,Biržų rajono,16
Pasvaliečių,419,157,37.47,Biržų rajono,17
Juostaviečių,389,197,50.64,Biržų rajono,18
Einorių,315,157,49.84,Biržų rajono,19
Kraštų,282,134,47.52,Biržų rajono,20
Kupreliškio,358,153,42.74,Biržų rajono,21
Kvetkų,352,147,41.76,Biržų rajono,22
Papilio,467,229,49.04,Biržų rajono,23
Medeikių,619,253,40.87,Biržų rajono,24
Parovėjos,747,327,43.78,Biržų rajono,25
Užušilių,370,151,40.81,Biržų rajono,26
Ančiškių,283,132,46.64,Biržų rajono,27
Jasiuliškių,283,159,56.18,Biržų rajono,28
Meilūnų,355,189,53.24,Biržų rajono,29
Ramongalių,337,161,47.77,Biržų rajono,30
Šukionių,258,183,70.93,Biržų rajono,31
Vabalninko,996,505,50.7,Biržų rajono,32
Senamiesčio,1588,773,48.68,Druskininkų,1
Naujamiesčio,1437,820,57.06,Druskininkų,2
Atgimimo,1975,1201,60.81,Druskininkų,3
Kloniškių,1999,826,41.32,Druskininkų,4
Kalviškės,3186,1601,50.25,Druskininkų,5
Eglės,1505,655,43.52,Druskininkų,6
Ratnyčios,1152,509,44.18,Druskininkų,7
Grūto,260,118,45.38,Druskininkų,8
Švendubrės,312,147,47.12,Druskininkų,9
Viečiūnų,1491,603,40.44,Druskininkų,10
Neravų,967,434,44.88,Druskininkų,11
Leipalingio,1888,793,42.0,Druskininkų,12
Lipliūnų,190,101,53.16,Druskininkų,13
Ricielių,917,424,46.24,Druskininkų,14
Draugystės,2336,1071,45.85,Elektrėnų,1
Saulės,4053,1802,44.46,Elektrėnų,2
Sodų,2201,1128,51.25,Elektrėnų,3
Versmės,2411,970,40.23,Elektrėnų,4
Ausieniškių,1107,348,31.44,Elektrėnų,5
Balceriškių,1376,442,32.12,Elektrėnų,6
Beižionių,301,151,50.17,Elektrėnų,7
Daugirdiškių,320,131,40.94,Elektrėnų,8
Kazokiškių,425,179,42.12,Elektrėnų,9
Pastrėvio,629,255,40.54,Elektrėnų,10
Semeliškių,732,332,45.36,Elektrėnų,11
Vievio,3886,1611,41.46,Elektrėnų,12
Gilučių,404,223,55.2,Elektrėnų,13
Jagėlonių,301,137,45.51,Elektrėnų,14
Kietaviškių,876,373,42.58,Elektrėnų,15
Antalksnės,271,188,69.37,Ignalinos rajono,1
Bernotų,245,138,56.33,Ignalinos rajono,2
Ceikinių,330,196,59.39,Ignalinos rajono,3
Didžiasalio,1001,428,42.76,Ignalinos rajono,4
Dysnos,350,191,54.57,Ignalinos rajono,5
Dūkšto,1120,482,43.04,Ignalinos rajono,6
Gilūtų,183,111,60.66,Ignalinos rajono,7
Grybėnų,142,62,43.66,Ignalinos rajono,8
Ignalinos Centro,3611,1731,47.94,Ignalinos rajono,9
Ignalinos,1291,644,49.88,Ignalinos rajono,10
Kaniūkų,399,208,52.13,Ignalinos rajono,11
Kazitiškio,541,252,46.58,Ignalinos rajono,12
Kazokinės,745,357,47.92,Ignalinos rajono,13
Linkmenų,641,347,54.13,Ignalinos rajono,14
Mažėnų,255,142,55.69,Ignalinos rajono,15
Meikštų,309,172,55.66,Ignalinos rajono,16
Mielagėnų,354,157,44.35,Ignalinos rajono,17
N.Daugėliškio,486,221,45.47,Ignalinos rajono,18
Rimšės,593,238,40.13,Ignalinos rajono,20
Rubelninkų,158,93,58.86,Ignalinos rajono,21
Strigališkio,693,381,54.98,Ignalinos rajono,22
Šiūlėnų,335,184,54.93,Ignalinos rajono,23
Švedriškės,221,119,53.85,Ignalinos rajono,24
Taujūnų,276,139,50.36,Ignalinos rajono,25
Tverečiaus,546,244,44.69,Ignalinos rajono,26
Vidiškių,1028,433,42.12,Ignalinos rajono,27
Rimkų,2538,1124,44.29,Jonavos rajono,1
Juodmenos,3437,1409,41.0,Jonavos rajono,2
Kregždutės,2488,975,39.19,Jonavos rajono,3
Bibliotekos,2012,1031,51.24,Jonavos rajono,4
Senamiesčio,2235,958,42.86,Jonavos rajono,6
Saulutės,1550,677,43.68,Jonavos rajono,7
Mokyklos,1694,784,46.28,Jonavos rajono,8
Ateities,1745,826,47.34,Jonavos rajono,9
Kalnų,1035,484,46.76,Jonavos rajono,10
Lakštingalų,2003,1047,52.27,Jonavos rajono,11
Lietavos,2410,1057,43.86,Jonavos rajono,12
Baldininkų,1153,480,41.63,Jonavos rajono,13
Ruklos,1451,430,29.63,Jonavos rajono,14
Bukonių,672,232,34.52,Jonavos rajono,15
Liepių,595,186,31.26,Jonavos rajono,16
Batėgalos,540,183,33.89,Jonavos rajono,17
Čičinų,797,304,38.14,Jonavos rajono,18
Kulvos,562,220,39.15,Jonavos rajono,19
Juškonių,380,176,46.32,Jonavos rajono,20
Kuigalių,448,128,28.57,Jonavos rajono,21
Žeimių,930,363,39.03,Jonavos rajono,22
Panoterių,516,199,38.57,Jonavos rajono,23
Šilų,1015,355,34.98,Jonavos rajono,24
Upninkų,1161,413,35.57,Jonavos rajono,25
Užusalių,1980,725,36.62,Jonavos rajono,26
Šveicarijos,1845,696,37.72,Jonavos rajono,27
Žemaičių,2936,1334,45.44,Joniškio rajono,1
Livonijos,3406,1510,44.33,Joniškio rajono,2
V.Kudirkos,2588,1127,43.55,Joniškio rajono,3
Žagarės,2064,744,36.05,Joniškio rajono,4
Bariūnų,734,278,37.87,Joniškio rajono,5
Darginių,250,76,30.4,Joniškio rajono,6
Daunoriškės,343,121,35.28,Joniškio rajono,7
Daukšių,378,169,44.71,Joniškio rajono,8
Gaižaičių,423,172,40.66,Joniškio rajono,9
Gasčiūnų,440,196,44.55,Joniškio rajono,10
Gataučių,567,204,35.98,Joniškio rajono,11
Kalnelio,604,238,39.4,Joniškio rajono,12
Plikiškių,406,158,38.92,Joniškio rajono,13
Kepalių,417,165,39.57,Joniškio rajono,14
Kirnaičių,361,207,57.34,Joniškio rajono,15
Kriukų,467,175,37.47,Joniškio rajono,16
Linkaičių,344,143,41.57,Joniškio rajono,17
Maldenių,394,171,43.4,Joniškio rajono,18
Mindaugių,309,108,34.95,Joniškio rajono,19
Rudiškių,673,229,34.03,Joniškio rajono,20
Satkūnų,366,134,36.61,Joniškio rajono,21
Skaistgirio,1290,561,43.49,Joniškio rajono,22
Stungių,339,139,41.0,Joniškio rajono,23
Stupurų,346,119,34.39,Joniškio rajono,24
Bučiūnų,174,92,52.87,Joniškio rajono,25
Lieporų,180,81,45.0,Joniškio rajono,26
Blauzdžiūnų,127,73,57.48,Joniškio rajono,27
Jakiškių,233,85,36.48,Joniškio rajono,28
Jauniūnų,259,120,46.33,Joniškio rajono,29
Maželių,133,68,51.13,Joniškio rajono,30
Mekių,196,85,43.37,Joniškio rajono,31
Skilvionių,153,72,47.06,Joniškio rajono,32
Ziniūnų,294,121,41.16,Joniškio rajono,33
Jurdaičių,452,139,30.75,Joniškio rajono,34
Viešvilės,931,376,40.39,Jurbarko rajono,1
Smalininkų,1215,531,43.7,Jurbarko rajono,2
Jurbarkų,1501,571,38.04,Jurbarko rajono,3
Rotulių,584,294,50.34,Jurbarko rajono,4
Žindaičių,599,194,32.39,Jurbarko rajono,5
Eržvilko,571,251,43.96,Jurbarko rajono,6
Pašaltuonio,358,161,44.97,Jurbarko rajono,7
Lybiškių,536,278,51.87,Jurbarko rajono,8
Kartupių,412,180,43.69,Jurbarko rajono,9
Rutkiškių,335,115,34.33,Jurbarko rajono,10
Pavidaujo,349,134,38.4,Jurbarko rajono,11
Girdžių,712,291,40.87,Jurbarko rajono,12
Vadžgirio,732,256,34.97,Jurbarko rajono,13
Šimkaičių,361,142,39.34,Jurbarko rajono,14
Paulių,312,135,43.27,Jurbarko rajono,15
Volungiškės,259,130,50.19,Jurbarko rajono,16
Juodaičių,376,179,47.61,Jurbarko rajono,17
Armeniškių,361,191,52.91,Jurbarko rajono,18
Seredžiaus,832,386,46.39,Jurbarko rajono,19
Klausučių,893,354,39.64,Jurbarko rajono,20
Gricių,183,95,51.91,Jurbarko rajono,21
Tamošių,366,175,47.81,Jurbarko rajono,22
Veliuonos,907,452,49.83,Jurbarko rajono,23
Stakių,270,102,37.78,Jurbarko rajono,24
Raudonės,901,358,39.73,Jurbarko rajono,25
Pilies,624,275,44.07,Jurbarko rajono,26
Skirsnemunės,1097,431,39.29,Jurbarko rajono,27
Dariaus ir Girėno,2546,1191,46.78,Jurbarko rajono,28
Vydūno,2622,1145,43.67,Jurbarko rajono,29
Vytauto Didžiojo,1956,947,48.42,Jurbarko rajono,30
Naujamiesčio,2392,989,41.35,Jurbarko rajono,31
Vytauto,1072,453,42.26,Kaišiadorių rajono,1
Gedimino,1511,712,47.12,Kaišiadorių rajono,2
Girelės,2651,1186,44.74,Kaišiadorių rajono,3
Lomenos,2117,979,46.24,Kaišiadorių rajono,4
Kruonio,1117,389,34.83,Kaišiadorių rajono,5
Kalvių,544,250,45.96,Kaišiadorių rajono,6
Vilūnų,488,204,41.8,Kaišiadorių rajono,7
Darsūniškio,466,208,44.64,Kaišiadorių rajono,8
Ringailių,424,214,50.47,Kaišiadorių rajono,9
Stoniavos,808,350,43.32,Kaišiadorių rajono,12
Dainių,529,222,41.97,Kaišiadorių rajono,13
Stasiūnų,951,399,41.96,Kaišiadorių rajono,14
Melioratorių,1001,373,37.26,Kaišiadorių rajono,15
Žiežmarių,1688,747,44.25,Kaišiadorių rajono,16
Gudienos,1897,782,41.22,Kaišiadorių rajono,17
Žaslių,810,355,43.83,Kaišiadorių rajono,18
Pajautiškių,490,205,41.84,Kaišiadorių rajono,19
Stabintiškių,606,236,38.94,Kaišiadorių rajono,20
Beištrakių,156,50,32.05,Kaišiadorių rajono,21
Tauckūnų,500,194,38.8,Kaišiadorių rajono,22
Palomenės,733,297,40.52,Kaišiadorių rajono,23
Zūbiškių,391,193,49.36,Kaišiadorių rajono,24
Paparčių,658,259,39.36,Kaišiadorių rajono,25
Rumšiškių,2003,950,47.43,Kaišiadorių rajono,26
Pravieniškių,2218,858,38.68,Kaišiadorių rajono,27
Dovainonių,800,395,49.38,Kaišiadorių rajono,28
Antakalnio,640,280,43.75,Kaišiadorių rajono,29
Mūro Strėvininkų,494,215,43.52,Kaišiadorių rajono,30
Liutonių,348,171,49.14,Kaišiadorių rajono,31
Kalvarijos Vakarinė,1791,715,39.92,Kalvarijos,1
Kalvarijos Rytinė,1836,691,37.64,Kalvarijos,2
Jungėnų,1158,382,32.99,Kalvarijos,3
Brukų,357,129,36.13,Kalvarijos,4
Sūsninkų,267,112,41.95,Kalvarijos,5
Mockų,316,136,43.04,Kalvarijos,6
Jusevičių,693,265,38.24,Kalvarijos,7
Sangrūdos,506,243,48.02,Kalvarijos,8
Radiškės,347,162,46.69,Kalvarijos,9
Salaperaugio,330,150,45.45,Kalvarijos,10
Liubavo,339,146,43.07,Kalvarijos,11
Brazavo,280,111,39.64,Kalvarijos,12
Jurgežerių,312,124,39.74,Kalvarijos,13
Tarprubežių,344,130,37.79,Kalvarijos,14
Akmenynų,318,127,39.94,Kalvarijos,15
Kampinių,338,121,35.8,Kalvarijos,16
Aistiškių,333,152,45.65,Kalvarijos,17
Sargėnų,4125,2127,51.56,Kauno miesto,2
Vėtrungės,3407,1809,53.1,Kauno miesto,3
Rasytės,3190,1672,52.41,Kauno miesto,4
Šarkuvos,4484,2194,48.93,Kauno miesto,5
Žemaičių,4107,1960,47.72,Kauno miesto,7
Baltų,3956,1941,49.06,Kauno miesto,8
Baltijos,3835,1937,50.51,Kauno miesto,9
Žiemgalių,4600,2175,47.28,Kauno miesto,10
Milikonių,2374,1187,50.0,Kauno miesto,11
Demokratų,2170,1148,52.9,Kauno miesto,12
Linkuvos,2822,1422,50.39,Kauno miesto,13
Sąjungos,3261,1588,48.7,Kauno miesto,15
Dobilo,3200,1408,44.0,Kauno miesto,16
Apuolės,1063,564,53.06,Kauno miesto,18
Seredžiaus,1448,555,38.33,Kauno miesto,19
Veršvų,4355,1890,43.4,Kauno miesto,21
Žagarės,1702,725,42.6,Kauno miesto,22
Lampėdžių,579,328,56.65,Kauno miesto,23
Kaniūkų,2706,1414,52.25,Kauno miesto,24
H. ir O Minkovskių,901,359,39.84,Kauno miesto,26
J. Dobkevičiaus,4657,2003,43.01,Kauno miesto,27
Veiverių,1804,837,46.4,Kauno miesto,28
Birutės,2935,1520,51.79,Kauno miesto,29
Julijanavos,2155,1045,48.49,Kauno miesto,30
Piliakalnio,1809,965,53.34,Kauno miesto,31
Tekstilininkų,1812,937,51.71,Kauno miesto,33
Maironio,1789,906,50.64,Kauno miesto,36
A. Mackevičiaus,1164,585,50.26,Kauno miesto,37
Varpo,1267,736,58.09,Kauno miesto,38
Ryšių,2385,1398,58.62,Kauno miesto,39
Radvilėnų,2275,1272,55.91,Kauno miesto,40
J. Jablonskio,1712,1031,60.22,Kauno miesto,42
Aušros,2822,1599,56.66,Kauno miesto,43
Senojo tresto,2866,1547,53.98,Kauno miesto,45
Sporto,815,471,57.79,Kauno miesto,47
Miško,3055,1628,53.29,Kauno miesto,49
Jonavos,1481,719,48.55,Kauno miesto,50
L. Karsavino,3611,1964,54.39,Kauno miesto,52
Algirdo,2875,1545,53.74,Kauno miesto,54
Purienų,3624,1773,48.92,Kauno miesto,56
Žeimenos,4448,2353,52.9,Kauno miesto,58
Versmės,3073,1525,49.63,Kauno miesto,60
Gerovės,3785,1848,48.82,Kauno miesto,61
M. Jankaus,2608,1452,55.67,Kauno miesto,62
S. Nėries,1994,1149,57.62,Kauno miesto,63
Aukuro,3360,1740,51.79,Kauno miesto,64
Vaidilutės,1675,860,51.34,Kauno miesto,65
Šiaurės,3530,1717,48.64,Kauno miesto,66
S. Žukausko,3722,1835,49.3,Kauno miesto,67
Statybininkų,3837,1964,51.19,Kauno miesto,68
Rasos,2005,1022,50.97,Kauno miesto,69
P. Plechavičiaus,3868,2007,51.89,Kauno miesto,70
K. Škirpos,3875,1882,48.57,Kauno miesto,71
P. Lukšio,3938,2055,52.18,Kauno miesto,72
Buitininkų,4008,1948,48.6,Kauno miesto,77
Partizanų,3360,1743,51.88,Kauno miesto,78
Pramonės,2498,1031,41.27,Kauno miesto,79
Dainavos,3268,1668,51.04,Kauno miesto,80
J. Urbšio,2409,1196,49.65,Kauno miesto,81
Sartų,2785,1420,50.99,Kauno miesto,82
A. Timinskio,2609,1240,47.53,Kauno miesto,83
Nepriklausomybės,2159,1076,49.84,Kauno miesto,84
Vytauto,3404,1591,46.74,Kauno miesto,85
Atžalyno,3548,1764,49.72,Kauno miesto,86
V. Krėvės,2347,1178,50.19,Kauno miesto,88
Specialistų,2704,1241,45.89,Kauno miesto,89
Taikos,2336,1201,51.41,Kauno miesto,91
Vyturio,2385,1211,50.78,Kauno miesto,92
Butrimonių,2258,1141,50.53,Kauno miesto,93
Studentų,2860,1457,50.94,Kauno miesto,94
Dujotiekio,3065,1483,48.38,Kauno miesto,96
Girstučio,2133,1062,49.79,Kauno miesto,97
Pašilės,3157,1643,52.04,Kauno miesto,98
Knygnešių,2623,1250,47.66,Kauno miesto,99
Palemono,3766,1461,38.79,Kauno miesto,101
Sodų,3639,1542,42.37,Kauno miesto,105
Šančių,2253,981,43.54,Kauno miesto,106
Drobės,2399,1084,45.19,Kauno miesto,107
Skuodo,2171,1060,48.83,Kauno miesto,108
Žiburio,3503,1842,52.58,Kauno miesto,109
Breslaujos,3508,1727,49.23,Kauno miesto,110
Nemuno,2034,990,48.67,Kauno miesto,111
Šilo,3171,1440,45.41,Kauno miesto,114
Buriuotojų,4424,1941,43.87,Kauno miesto,116
Vaidoto,2621,1125,42.92,Kauno miesto,117
Pušų,2664,1209,45.38,Kauno miesto,118
Vičiūnų,2069,1101,53.21,Kauno miesto,120
Ąžuolo,3535,1747,49.42,Kauno miesto,121
Rokų,2737,1307,47.75,Kauno miesto,122
Vaišvydavos,2306,1273,55.2,Kauno miesto,123
Kazliškių,1107,610,55.1,Kauno miesto,125
Tirkiliškių,2254,1208,53.59,Kauno miesto,126
Romainių,2900,1601,55.21,Kauno miesto,127
Mastaičių,1414,751,53.11,Kauno rajono,1
Pažėrų,723,289,39.97,Kauno rajono,2
Babtų,1466,718,48.98,Kauno rajono,4
Pagynės,726,305,42.01,Kauno rajono,5
Panevėžiuko,1056,380,35.98,Kauno rajono,6
Čekiškės,911,475,52.14,Kauno rajono,7
Liučiūnų,655,296,45.19,Kauno rajono,8
Domeikavos,1927,1034,53.66,Kauno rajono,9
Neries,2025,1010,49.88,Kauno rajono,10
Voškonių,830,355,42.77,Kauno rajono,11
Lapių,2667,1179,44.21,Kauno rajono,12
Juragių,749,318,42.46,Kauno rajono,13
Ilgakiemio,1169,589,50.38,Kauno rajono,14
Teleičių,2927,1562,53.37,Kauno rajono,15
Karmėlavos,2724,1133,41.59,Kauno rajono,16
Ramučių,2786,1478,53.05,Kauno rajono,17
Neveronių,2718,1213,44.63,Kauno rajono,18
Universiteto,1420,848,59.72,Kauno rajono,19
Akademijos,1493,989,66.24,Kauno rajono,20
Ringaudų,3398,1866,54.91,Kauno rajono,21
Raudondvario,2437,1289,52.89,Kauno rajono,23
Batniavos,1117,555,49.69,Kauno rajono,24
Nemuno,895,382,42.68,Kauno rajono,26
Šlienavos,1903,781,41.04,Kauno rajono,28
Girionių,2016,909,45.09,Kauno rajono,29
Taurakiemio,1565,730,46.65,Kauno rajono,30
Užliedžių,2421,1293,53.41,Kauno rajono,33
Vandžiogalos,1401,498,35.55,Kauno rajono,34
Padauguvos,361,177,49.03,Kauno rajono,35
Saulėtekių,685,271,39.56,Kauno rajono,36
Daugėliškių,463,207,44.71,Kauno rajono,37
Zapyškio,1493,687,46.01,Kauno rajono,38
Altoniškių,748,276,36.9,Kauno rajono,39
Ežerėlio,1482,657,44.33,Kauno rajono,40
Garliavos,1867,927,49.65,Kauno rajono,41
Liepų,2030,1030,50.74,Kauno rajono,42
Jonučių,1540,773,50.19,Kauno rajono,43
Kačerginės,659,410,62.22,Kauno rajono,44
Kulautuvos,1298,814,62.71,Kauno rajono,45
Vilkijos,1317,592,44.95,Kauno rajono,46
Linksmakalnio,564,267,47.34,Kauno rajono,47
Žalgirio,2206,1175,53.26,Kauno rajono,48
Meno mokyklos,1746,831,47.59,Kauno rajono,49
Mokyklos,992,471,47.48,Kauno rajono,50
Saulės,1568,863,55.04,Kauno rajono,51
Bibliotekos,1653,831,50.27,Kauno rajono,52
S. Lozoraičio,1931,850,44.02,Kauno rajono,53
Muniškių,1054,482,45.73,Kauno rajono,54
Kazlų Rūdos,1235,559,45.26,Kazlų Rūdos,1
Pušų,2011,857,42.62,Kazlų Rūdos,2
Mindaugo,1487,669,44.99,Kazlų Rūdos,3
Liepų,549,248,45.17,Kazlų Rūdos,4
Bagotosios,526,189,35.93,Kazlų Rūdos,5
Antanavo,629,231,36.72,Kazlų Rūdos,6
Višakio Rūdos,392,169,43.11,Kazlų Rūdos,7
Jūrės,611,255,41.73,Kazlų Rūdos,8
Jūrės,400,172,43.0,Kazlų Rūdos,9
Plutiškių,562,196,34.88,Kazlų Rūdos,10
Ąžuolų Būdos,915,348,38.03,Kazlų Rūdos,11
Bebruliškės,410,131,31.95,Kazlų Rūdos,12
Būdos,390,154,39.49,Kazlų Rūdos,13
Jankų,603,271,44.94,Kazlų Rūdos,14
Budraičių,355,151,42.54,Kelmės rajono,1
Butkiškės,253,123,48.62,Kelmės rajono,2
Dubėnų,368,144,39.13,Kelmės rajono,3
Gailių,373,127,34.05,Kelmės rajono,4
Janaučių,659,215,32.63,Kelmės rajono,6
Junkilų,445,184,41.35,Kelmės rajono,7
Karklėnų,492,196,39.84,Kelmės rajono,8
Centro,3014,1288,42.73,Kelmės rajono,9
A.Mackevičiaus,3106,1233,39.7,Kelmės rajono,10
Kalno,2150,924,42.98,Kelmės rajono,11
Kiaunorių,267,109,40.82,Kelmės rajono,12
Kolainių,400,173,43.25,Kelmės rajono,13
Kražių,898,446,49.67,Kelmės rajono,14
Kukečių,838,332,39.62,Kelmės rajono,15
Laugalio,258,125,48.45,Kelmės rajono,16
Liolių,800,331,41.38,Kelmės rajono,17
Lupikų,606,254,41.91,Kelmės rajono,18
Maironių,555,186,33.51,Kelmės rajono,19
Minupių,303,136,44.88,Kelmės rajono,20
Mockaičių,344,190,55.23,Kelmės rajono,21
Pagryžuvio,839,395,47.08,Kelmės rajono,22
Pakėvio,320,157,49.06,Kelmės rajono,23
Pakražančio,707,251,35.5,Kelmės rajono,24
Pašiaušės,189,102,53.97,Kelmės rajono,25
Pašilėnų,338,162,47.93,Kelmės rajono,26
Pašilės,306,127,41.5,Kelmės rajono,27
Pavėžupio,257,102,39.69,Kelmės rajono,28
Petrališkės,425,203,47.76,Kelmės rajono,29
Stulgių,372,171,45.97,Kelmės rajono,30
Šaltenių,363,173,47.66,Kelmės rajono,31
Šaukėnų,1005,376,37.41,Kelmės rajono,32
Šedbarų,357,147,41.18,Kelmės rajono,33
Durpyno,990,440,44.44,Kelmės rajono,34
Tytuvėnų,1310,632,48.24,Kelmės rajono,35
Užvenčio,1297,535,41.25,Kelmės rajono,36
Vaiguvos,496,194,39.11,Kelmės rajono,37
Valpainių,365,155,42.47,Kelmės rajono,38
Verpenos,556,211,37.95,Kelmės rajono,39
Vidsodžio,475,145,30.53,Kelmės rajono,40
Žalpių,324,144,44.44,Kelmės rajono,41
Angirių,176,83,47.16,Kėdainių rajono,1
Aristavos,619,256,41.36,Kėdainių rajono,2
Ažytėnų,382,165,43.19,Kėdainių rajono,3
Babėnų,2401,1119,46.61,Kėdainių rajono,4
Beinaičių,369,169,45.8,Kėdainių rajono,5
Vikaičių,477,186,38.99,Kėdainių rajono,6
Dotnuvos,1212,530,43.73,Kėdainių rajono,7
Gudžiūnų,513,260,50.68,Kėdainių rajono,8
Josvainių,1523,719,47.21,Kėdainių rajono,9
Kalnaberžės,405,248,61.23,Kėdainių rajono,10
Kaplių,256,149,58.2,Kėdainių rajono,11
Keleriškių,826,299,36.2,Kėdainių rajono,12
Krakių,894,379,42.39,Kėdainių rajono,13
Kunionių,537,217,40.41,Kėdainių rajono,14
Labūnavos,785,348,44.33,Kėdainių rajono,15
Lančiūnavos,609,247,40.56,Kėdainių rajono,16
Langakių,339,191,56.34,Kėdainių rajono,17
Liaudies,3311,1450,43.79,Kėdainių rajono,18
Mantviliškio,337,164,48.66,Kėdainių rajono,19
Medėkšių,455,186,40.88,Kėdainių rajono,20
Meironiškio,378,184,48.68,Kėdainių rajono,21
Naujoji,1886,935,49.58,Kėdainių rajono,22
Miegėnų,468,200,42.74,Kėdainių rajono,23
Nociūnų,393,180,45.8,Kėdainių rajono,24
Okainių,369,134,36.31,Kėdainių rajono,25
Paaluonio,255,121,47.45,Kėdainių rajono,26
Pagirių,477,225,47.17,Kėdainių rajono,27
Pajieslio,474,194,40.93,Kėdainių rajono,28
Parko,1083,452,41.74,Kėdainių rajono,29
Pašušvio,403,155,38.46,Kėdainių rajono,30
Pelėdnagių,1044,503,48.18,Kėdainių rajono,31
Pelutavos,323,162,50.15,Kėdainių rajono,32
Pergalės,2439,1100,45.1,Kėdainių rajono,33
Pernaravos,375,131,34.93,Kėdainių rajono,34
Petkūnų,204,102,50.0,Kėdainių rajono,35
Radvilų,2178,1026,47.11,Kėdainių rajono,36
Saviečių,212,99,46.7,Kėdainių rajono,37
Senamiesčio,1097,536,48.86,Kėdainių rajono,38
Sirutiškio,390,159,40.77,Kėdainių rajono,39
Skaistgirių,277,129,46.57,Kėdainių rajono,40
Smilgos,1621,863,53.24,Kėdainių rajono,41
Statybininkų,1165,389,33.39,Kėdainių rajono,42
Surviliškio,528,229,43.37,Kėdainių rajono,43
Šėtos,993,457,46.02,Kėdainių rajono,44
Šlapaberžės,594,264,44.44,Kėdainių rajono,45
Taikos,2320,1111,47.89,Kėdainių rajono,46
Tiskūnų,719,284,39.5,Kėdainių rajono,47
Truskavos,488,251,51.43,Kėdainių rajono,48
Vainikų,400,143,35.75,Kėdainių rajono,49
Vilainių,1164,623,53.52,Kėdainių rajono,50
Žemaitės,1920,820,42.71,Kėdainių rajono,51
Akademijos,619,371,59.94,Kėdainių rajono,52
Beržų,344,158,45.93,Kėdainių rajono,53
Dotnuvėlės,945,425,44.97,Kėdainių rajono,54
Gimnazijos,3832,2151,56.13,Klaipėdos miesto,1
Danės,1104,608,55.07,Klaipėdos miesto,4
Eglės,1700,841,49.47,Klaipėdos miesto,5
Dviračių Treko,2647,1400,52.89,Klaipėdos miesto,6
Kretingos,2021,1036,51.26,Klaipėdos miesto,7
Šviesos,2496,1261,50.52,Klaipėdos miesto,8
Muzikos Centro,1130,610,53.98,Klaipėdos miesto,9
Žaliakalnio,1068,541,50.66,Klaipėdos miesto,10
Saulutės,3905,1402,35.9,Klaipėdos miesto,11
Strėvos,3225,1264,39.19,Klaipėdos miesto,13
Sulupės,2741,1185,43.23,Klaipėdos miesto,14
Tauralaukio,2120,1070,50.47,Klaipėdos miesto,15
Baltikalnio,1348,650,48.22,Klaipėdos miesto,16
Saulėtekio,1992,913,45.83,Klaipėdos miesto,17
Šatrijos,1274,595,46.7,Klaipėdos miesto,18
Vilties,1768,840,47.51,Klaipėdos miesto,19
Pingvinuko,1676,713,42.54,Klaipėdos miesto,20
Klaipėdos Vandens,3975,1769,44.5,Klaipėdos miesto,21
Rumpiškių,1553,719,46.3,Klaipėdos miesto,22
Aitvaro,2888,1362,47.16,Klaipėdos miesto,23
Šilojų,3089,1685,54.55,Klaipėdos miesto,25
Brigantinos,1904,822,43.17,Klaipėdos miesto,26
Draugystės,3131,1420,45.35,Klaipėdos miesto,27
Švyturio,1908,907,47.54,Klaipėdos miesto,29
Olimpijos,1752,743,42.41,Klaipėdos miesto,30
Dainavos,3039,1399,46.03,Klaipėdos miesto,32
Aušros,1167,556,47.64,Klaipėdos miesto,33
Nykštuko,2109,1035,49.08,Klaipėdos miesto,35
Debreceno,2497,994,39.81,Klaipėdos miesto,36
Gedminų,2611,1275,48.83,Klaipėdos miesto,37
Vėtrungės,2248,1058,47.06,Klaipėdos miesto,38
Žilvičio,1605,773,48.16,Klaipėdos miesto,39
Pamario,3895,1701,43.67,Klaipėdos miesto,40
Rambyno,2633,1158,43.98,Klaipėdos miesto,43
Menų mokyklos,1970,969,49.19,Klaipėdos miesto,45
Versmės,3806,1734,45.56,Klaipėdos miesto,47
Vakarų,3974,1745,43.91,Klaipėdos miesto,48
Aukuro,3310,1544,46.65,Klaipėdos miesto,49
Smiltelės,3624,1767,48.76,Klaipėdos miesto,50
Alksnynės,3770,1695,44.96,Klaipėdos miesto,51
Baltijos,1367,557,40.75,Klaipėdos miesto,52
Želmenėlio,3234,1388,42.92,Klaipėdos miesto,54
Brožynų,3611,1434,39.71,Klaipėdos miesto,55
Laukininkai,4062,1771,43.6,Klaipėdos miesto,56
Budelkiemio,3724,1469,39.45,Klaipėdos miesto,57
Berželio,3868,1618,41.83,Klaipėdos miesto,58
Girulių,522,307,58.81,Klaipėdos miesto,59
Molo,1044,487,46.65,Klaipėdos miesto,60
Jūreivių,498,484,97.19,Klaipėdos miesto,62
Prekybos uosto,2855,1302,45.6,Klaipėdos miesto,63
S.Daukanto,951,459,48.26,Klaipėdos miesto,64
Kuršių,1585,795,50.16,Klaipėdos miesto,65
Politechnikos,1450,683,47.1,Klaipėdos miesto,66
Volungėlės,2304,997,43.27,Klaipėdos miesto,67
Bandužių,3991,1604,40.19,Klaipėdos miesto,68
Gargždų,3167,1573,49.67,Klaipėdos rajono,1
Gargždų,3877,1998,51.53,Klaipėdos rajono,2
Gargždų,1839,881,47.91,Klaipėdos rajono,3
Gargždų,3900,1882,48.26,Klaipėdos rajono,4
Endriejavo,1182,544,46.02,Klaipėdos rajono,5
Judrėnų,588,261,44.39,Klaipėdos rajono,6
Žadeikių,289,137,47.4,Klaipėdos rajono,7
Daukšaičių,355,165,46.48,Klaipėdos rajono,8
Pėžaičių,598,271,45.32,Klaipėdos rajono,9
Šalpėnų,390,200,51.28,Klaipėdos rajono,10
Veiviržėnų,1253,609,48.6,Klaipėdos rajono,11
Girininkų,503,195,38.77,Klaipėdos rajono,12
Lapių,604,282,46.69,Klaipėdos rajono,13
Tilvikų,223,106,47.53,Klaipėdos rajono,14
Vėžaičių,2424,1080,44.55,Klaipėdos rajono,15
Priekulės,2274,1014,44.59,Klaipėdos rajono,16
Agluonėnų,1044,463,44.35,Klaipėdos rajono,17
Dovilų,2411,907,37.62,Klaipėdos rajono,18
Ketvergių,1439,524,36.41,Klaipėdos rajono,19
Šiūparių,647,271,41.89,Klaipėdos rajono,20
Dauparų,1234,604,48.95,Klaipėdos rajono,21
Kvietinių,702,354,50.43,Klaipėdos rajono,22
Girkalių,588,240,40.82,Klaipėdos rajono,23
Kretingalės,1207,488,40.43,Klaipėdos rajono,24
Plikių,852,374,43.9,Klaipėdos rajono,25
Drevernos,624,282,45.19,Klaipėdos rajono,26
Kalotės,1417,702,49.54,Klaipėdos rajono,27
Venckų,616,270,43.83,Klaipėdos rajono,28
Jakų,1036,523,50.48,Klaipėdos rajono,29
Slengių,3234,1483,45.86,Klaipėdos rajono,30
Dituvos,2310,697,30.17,Klaipėdos rajono,31
Parko,1012,540,53.36,Kretingos rajono,1
M.Daujoto,3046,1529,50.2,Kretingos rajono,2
J.Pabrėžos,3596,1613,44.86,Kretingos rajono,3
Vytauto,2378,1093,45.96,Kretingos rajono,4
S.Daukanto,3219,1207,37.5,Kretingos rajono,5
Kretingos,1985,899,45.29,Kretingos rajono,6
Salantų,1284,527,41.04,Kretingos rajono,7
Darbėnų,1501,599,39.91,Kretingos rajono,8
Lazdininkų,375,174,46.4,Kretingos rajono,9
Kašučių,447,208,46.53,Kretingos rajono,10
Kumpikų,302,121,40.07,Kretingos rajono,11
Grūšlaukės,487,226,46.41,Kretingos rajono,12
Mančių,129,73,56.59,Kretingos rajono,13
Laukžemės,397,166,41.81,Kretingos rajono,14
Piliakalnio,361,144,39.89,Kretingos rajono,15
Žvainių,468,191,40.81,Kretingos rajono,16
Laivių,376,141,37.5,Kretingos rajono,17
Juodupėnų,293,141,48.12,Kretingos rajono,18
Erlėnų,364,175,48.08,Kretingos rajono,19
Kalnalio,202,97,48.02,Kretingos rajono,20
Kartenos,1224,560,45.75,Kretingos rajono,21
Kalniškių,297,157,52.86,Kretingos rajono,22
Kurmaičių,723,235,32.5,Kretingos rajono,23
Dvaro,1120,441,39.38,Kretingos rajono,24
Padvarių,231,145,62.77,Kretingos rajono,25
Kretingsodžio,1047,385,36.77,Kretingos rajono,26
Rūdaičių,733,304,41.47,Kretingos rajono,27
Vydmantų,1901,862,45.34,Kretingos rajono,28
Kūlupėnų,1135,537,47.31,Kretingos rajono,29
Nasrėnų,194,100,51.55,Kretingos rajono,30
Baublių,519,199,38.34,Kretingos rajono,31
Budrių,286,128,44.76,Kretingos rajono,32
Mikoliškių,69,30,43.48,Kretingos rajono,33
Dupulčių,568,259,45.6,Kretingos rajono,34
Raguviškių,339,160,47.2,Kretingos rajono,35
Rubulių,366,132,36.07,Kretingos rajono,36
Jokūbavo,408,197,48.28,Kretingos rajono,37
Valėnų,214,102,47.66,Kretingos rajono,38
Leliūnų,183,114,62.3,Kretingos rajono,39
Adomynės,478,241,50.42,Kupiškio rajono,1
Alizavos,569,275,48.33,Kupiškio rajono,2
Antašavos,564,295,52.3,Kupiškio rajono,3
Aukštupėnų,713,342,47.97,Kupiškio rajono,4
Biliūnų,208,93,44.71,Kupiškio rajono,5
Juodpėnų,283,114,40.28,Kupiškio rajono,6
Račiupėnų,2562,1088,42.47,Kupiškio rajono,7
Kupos,1954,951,48.67,Kupiškio rajono,8
Senamiesčio,1626,742,45.63,Kupiškio rajono,9
Laičių,243,124,51.03,Kupiškio rajono,10
Lukonių,450,182,40.44,Kupiškio rajono,11
Migonių,179,105,58.66,Kupiškio rajono,12
Naivių,334,150,44.91,Kupiškio rajono,13
Noriūnų,1375,521,37.89,Kupiškio rajono,14
Paketurių,560,215,38.39,Kupiškio rajono,15
Rudilių,435,159,36.55,Kupiškio rajono,16
Salamiesčio,590,241,40.85,Kupiškio rajono,17
Skapiškio,652,291,44.63,Kupiškio rajono,18
Skverbų,455,212,46.59,Kupiškio rajono,19
Subačiaus,841,395,46.97,Kupiškio rajono,20
Šepetos,938,399,42.54,Kupiškio rajono,21
Šimonių,524,245,46.76,Kupiškio rajono,22
Virbališkių,272,114,41.91,Kupiškio rajono,23
Žaidelių,383,190,49.61,Kupiškio rajono,24
Avižienių,652,362,55.52,Lazdijų rajono,1
Bartelių,165,91,55.15,Lazdijų rajono,2
Bugiedos,98,70,71.43,Lazdijų rajono,3
Būdviečio,322,139,43.17,Lazdijų rajono,4
Dumblio,413,165,39.95,Lazdijų rajono,5
Kapčiamiesčio,852,403,47.3,Lazdijų rajono,6
A.Kirsnos,560,261,46.61,Lazdijų rajono,7
Kirsnos,361,184,50.97,Lazdijų rajono,8
Krikštonių,333,191,57.36,Lazdijų rajono,9
Krosnos,793,377,47.54,Lazdijų rajono,10
Kuklių,507,249,49.11,Lazdijų rajono,11
Kučiūnų,658,296,44.98,Lazdijų rajono,12
Vytautų,296,134,45.27,Lazdijų rajono,13
Lazdijų,4521,2062,45.61,Lazdijų rajono,14
Metelių,289,146,50.52,Lazdijų rajono,15
Nemajūnų,302,153,50.66,Lazdijų rajono,16
Noragėlių,294,112,38.1,Lazdijų rajono,17
Petroškų,239,94,39.33,Lazdijų rajono,18
Rudaminos,425,205,48.24,Lazdijų rajono,19
Seiliūnų,318,136,42.77,Lazdijų rajono,20
Seirijų,1274,672,52.75,Lazdijų rajono,21
Stebulių,345,145,42.03,Lazdijų rajono,22
Šeštokų,1010,420,41.58,Lazdijų rajono,23
Šventežerio,796,338,42.46,Lazdijų rajono,24
Teizų,515,235,45.63,Lazdijų rajono,25
Verstaminų,370,154,41.62,Lazdijų rajono,26
Veisiejų,1978,815,41.2,Lazdijų rajono,27
Viktarinos,338,171,50.59,Lazdijų rajono,28
Žagarių,265,152,57.36,Lazdijų rajono,29
Varnėnų,328,132,40.24,Lazdijų rajono,33
Kvietiškio,3221,1310,40.67,Marijampolės,1
Narto,1899,915,48.18,Marijampolės,2
Laikštės,2100,885,42.14,Marijampolės,3
Tarpučių,3478,1514,43.53,Marijampolės,4
Uosupio,2438,1029,42.21,Marijampolės,5
Mokolų,3136,1394,44.45,Marijampolės,6
Degučių,3365,1498,44.52,Marijampolės,7
Suvalkiečių,2252,919,40.81,Marijampolės,8
Šaulių,2465,1068,43.33,Marijampolės,9
Kauno,2151,955,44.4,Marijampolės,10
Dariaus ir Girėno,1895,906,47.81,Marijampolės,11
Beržų,2068,863,41.73,Marijampolės,12
Armino,1052,564,53.61,Marijampolės,13
Gedimino,707,337,47.67,Marijampolės,14
Centro,2148,934,43.48,Marijampolės,15
Mokolų kaimo,1421,503,35.4,Marijampolės,16
Šunskų,794,284,35.77,Marijampolės,17
Sasnavos,901,324,35.96,Marijampolės,18
Puskelnių,719,291,40.47,Marijampolės,19
Smilgių,464,150,32.33,Marijampolės,20
Baraginės,1255,473,37.69,Marijampolės,21
Patašinės,1139,455,39.95,Marijampolės,22
Igliškėlių,433,142,32.79,Marijampolės,23
Igliaukos,1049,410,39.08,Marijampolės,24
Šventragio,389,187,48.07,Marijampolės,25
Gudelių,601,235,39.1,Marijampolės,26
Daugirdų,256,100,39.06,Marijampolės,27
Daukšių,256,91,35.55,Marijampolės,28
Padovinio,502,185,36.85,Marijampolės,29
Želsvos,1059,395,37.3,Marijampolės,31
Liudvinavo,1501,568,37.84,Marijampolės,32
Netičkampio,980,380,38.78,Marijampolės,33
Valavičių,626,266,42.49,Marijampolės,34
Balsupių,871,288,33.07,Marijampolės,35
Varnupių,214,81,37.85,Marijampolės,36
Meškučių,974,406,41.68,Marijampolės,38
Kūlokų,193,78,40.41,Marijampolės,39
Tautkaičių,301,119,39.53,Marijampolės,40
Gavaltuvos,359,152,42.34,Marijampolės,41
M. Račkausko,2503,1097,43.83,Mažeikių rajono,1
Senamieščio,1783,864,48.46,Mažeikių rajono,2
Kęstučio,1818,847,46.59,Mažeikių rajono,3
Gabijos,2081,937,45.03,Mažeikių rajono,4
Žemaitijos,2988,1353,45.28,Mažeikių rajono,5
Reivyčių,1612,743,46.09,Mažeikių rajono,6
Pavasario,3492,1503,43.04,Mažeikių rajono,7
Naftininkų,3426,1577,46.03,Mažeikių rajono,8
Pavenčių,2175,911,41.89,Mažeikių rajono,9
Sodų,2483,1066,42.93,Mažeikių rajono,10
Kalnėnų,2237,823,36.79,Mažeikių rajono,11
Ventos,3456,1421,41.12,Mažeikių rajono,12
Sedos,1708,768,44.96,Mažeikių rajono,13
Žemalės,535,193,36.07,Mažeikių rajono,14
Šerkšnėnų,475,203,42.74,Mažeikių rajono,15
Plinkšių,612,230,37.58,Mažeikių rajono,16
Tirkšlių,2159,820,37.98,Mažeikių rajono,17
Balėnų,578,201,34.78,Mažeikių rajono,18
Užlieknės,439,161,36.67,Mažeikių rajono,19
Buknaičių,376,169,44.95,Mažeikių rajono,20
Leckavos,348,134,38.51,Mažeikių rajono,21
Auksūdžio,384,144,37.5,Mažeikių rajono,22
Dagių,226,97,42.92,Mažeikių rajono,23
Renavo,452,215,47.57,Mažeikių rajono,24
Pikelių,390,135,34.62,Mažeikių rajono,25
Račalių,255,92,36.08,Mažeikių rajono,26
Ukrinų,552,224,40.58,Mažeikių rajono,27
Židikų,601,261,43.43,Mažeikių rajono,28
Urvikių,321,144,44.86,Mažeikių rajono,29
Bugenių,995,361,36.28,Mažeikių rajono,30
Krakių,760,275,36.18,Mažeikių rajono,31
Purvėnų,532,147,27.63,Mažeikių rajono,32
Laižuvos,469,194,41.36,Mažeikių rajono,33
Lūšės,216,87,40.28,Mažeikių rajono,34
Pievėnų,215,76,35.35,Mažeikių rajono,35
Kapėnų,397,121,30.48,Mažeikių rajono,36
Palnosų,787,349,44.35,Mažeikių rajono,37
Viekšnių,2834,1083,38.21,Mažeikių rajono,38
Alantos,863,476,55.16,Molėtų rajono,1
Žalvarių,502,230,45.82,Molėtų rajono,2
Balninkų,409,246,60.15,Molėtų rajono,3
Bekupės,434,191,44.01,Molėtų rajono,4
Bijutiškio,361,179,49.58,Molėtų rajono,5
Čiulėnų,886,400,45.15,Molėtų rajono,6
Dapkūniškių,273,142,52.01,Molėtų rajono,7
Dubingių,535,271,50.65,Molėtų rajono,8
Giedraičių,962,463,48.13,Molėtų rajono,9
Girsteitiškio,272,143,52.57,Molėtų rajono,10
Inturkės,863,379,43.92,Molėtų rajono,11
Joniškio,1184,344,29.05,Molėtų rajono,12
Miežonių,359,136,37.88,Molėtų rajono,13
Levaniškių,423,209,49.41,Molėtų rajono,14
Luokesos,1428,572,40.06,Molėtų rajono,15
Mindūnų,523,286,54.68,Molėtų rajono,16
Siesarties,2600,1263,48.58,Molėtų rajono,17
Liepų,2711,1207,44.52,Molėtų rajono,18
Naujasodžio,764,388,50.79,Molėtų rajono,19
Skudutiškio,401,191,47.63,Molėtų rajono,20
Suginčių,575,305,53.04,Molėtų rajono,21
Videniškių,664,319,48.04,Molėtų rajono,22
Vorėnų,325,154,47.38,Molėtų rajono,23
Verbiškių,392,221,56.38,Molėtų rajono,24
Kopų,2254,1278,56.7,Neringos,1
Smėlio,1202,668,55.57,Neringos,2
Pušų,517,320,61.9,Neringos,3
Pagėgių,1766,848,48.02,Pagėgių,1
Panemunės,268,102,38.06,Pagėgių,2
Kentrių,265,101,38.11,Pagėgių,3
Natkiškių,719,354,49.24,Pagėgių,4
Pagėgių kaimiškoji,695,243,34.96,Pagėgių,5
Piktupėnų,557,226,40.57,Pagėgių,6
Stoniškių,1213,481,39.65,Pagėgių,7
Šilgalių,599,236,39.4,Pagėgių,8
Rambyno,922,415,45.01,Pagėgių,9
Vilkyškių,793,426,53.72,Pagėgių,10
Žukų,595,296,49.75,Pagėgių,11
Balsių,741,305,41.16,Pakruojo rajono,1
Bardiškių,452,196,43.36,Pakruojo rajono,2
Degesių,175,86,49.14,Pakruojo rajono,3
Degučių,226,137,60.62,Pakruojo rajono,4
Draudelių,183,76,41.53,Pakruojo rajono,5
Dvariškių,305,122,40.0,Pakruojo rajono,6
Gačionių,241,113,46.89,Pakruojo rajono,7
Gedučių,158,60,37.97,Pakruojo rajono,8
Guostagalio,760,227,29.87,Pakruojo rajono,9
Grikpėdžių,324,161,49.69,Pakruojo rajono,10
Klovainių,737,342,46.4,Pakruojo rajono,11
Kalpokų,320,111,34.69,Pakruojo rajono,12
Kauksnųjų,177,74,41.81,Pakruojo rajono,13
Laipuškių,193,112,58.03,Pakruojo rajono,14
Linksmučių,296,149,50.34,Pakruojo rajono,15
Linkuvos,1560,665,42.63,Pakruojo rajono,16
Linų,402,143,35.57,Pakruojo rajono,17
Lygumų,644,249,38.66,Pakruojo rajono,18
Mažeikonių,832,348,41.83,Pakruojo rajono,19
Mikniūnų,262,132,50.38,Pakruojo rajono,20
Medikonių,346,144,41.62,Pakruojo rajono,21
Mikoliškio,195,87,44.62,Pakruojo rajono,22
Naujamiesčio,2809,1340,47.7,Pakruojo rajono,23
Pakruojo,1928,919,47.67,Pakruojo rajono,24
Pamūšio,302,128,42.38,Pakruojo rajono,25
Pašvitinio,367,186,50.68,Pakruojo rajono,26
Peleniškių,190,102,53.68,Pakruojo rajono,27
Preičiūnų,242,113,46.69,Pakruojo rajono,28
Plaučiškių,301,145,48.17,Pakruojo rajono,30
Rimkūnų,178,84,47.19,Pakruojo rajono,31
Rozalimo,832,382,45.91,Pakruojo rajono,32
Stačiūnų,311,130,41.8,Pakruojo rajono,33
Sosdvario,127,64,50.39,Pakruojo rajono,34
Šukionių,369,144,39.02,Pakruojo rajono,35
Triškonių,372,116,31.18,Pakruojo rajono,36
Ūdekų,325,140,43.08,Pakruojo rajono,37
Žeimelio,941,370,39.32,Pakruojo rajono,38
Žvirblonių,347,154,44.38,Pakruojo rajono,39
Kaštonų,1783,931,52.22,Palangos miesto,1
Ateities,2693,1303,48.38,Palangos miesto,2
Saulės,4026,2078,51.61,Palangos miesto,3
Vilniaus,1302,874,67.13,Palangos miesto,4
Aikštės,2090,1248,59.71,Palangos miesto,5
Kauno,1482,739,49.87,Palangos miesto,6
Jūros,1599,838,52.41,Palangos miesto,7
Geležinkelio,3553,1715,48.27,Panevėžio miesto,1
Rožių,4291,2327,54.23,Panevėžio miesto,2
Šiaulių,2978,1239,41.61,Panevėžio miesto,3
Vienybės,2387,1073,44.95,Panevėžio miesto,4
Šermukšnių,3056,1362,44.57,Panevėžio miesto,5
V. Žemkalnio,2029,855,42.14,Panevėžio miesto,6
J.Balčikonio,2213,1239,55.99,Panevėžio miesto,7
Laisvės,2273,1177,51.78,Panevėžio miesto,8
Poliklinikos,2269,1157,50.99,Panevėžio miesto,9
Menų mokyklos,2788,1213,43.51,Panevėžio miesto,10
Danutės,2140,1097,51.26,Panevėžio miesto,11
Tulpių,2731,1337,48.96,Panevėžio miesto,12
Pilėnai,3764,1937,51.46,Panevėžio miesto,13
Nemuno,3975,1947,48.98,Panevėžio miesto,14
Žvaigždžių,4097,2009,49.04,Panevėžio miesto,15
Šermuto,4021,1864,46.36,Panevėžio miesto,16
Parko,2812,1327,47.19,Panevėžio miesto,17
Dariaus ir Girėno,3112,1539,49.45,Panevėžio miesto,18
A. Lipniūno,2583,1317,50.99,Panevėžio miesto,19
Klaipėdos,2210,1012,45.79,Panevėžio miesto,20
Žvaigždutės,2845,1346,47.31,Panevėžio miesto,21
Statybininkų,2769,1382,49.91,Panevėžio miesto,22
Kniaudiškių,3999,1792,44.81,Panevėžio miesto,23
Vandentiekio,2409,1120,46.49,Panevėžio miesto,24
Ukmergės,2451,1274,51.98,Panevėžio miesto,25
J.Miltinio,2912,1496,51.37,Panevėžio miesto,26
Staniūnų,2898,1231,42.48,Panevėžio miesto,27
Beržų,2865,1485,51.83,Panevėžio miesto,28
Ramygalos,1774,842,47.46,Panevėžio miesto,29
Geležių,600,272,45.33,Panevėžio rajono,1
Tiltagalių,721,313,43.41,Panevėžio rajono,2
Karsakiškio,557,212,38.06,Panevėžio rajono,3
Paliūniškio,552,254,46.01,Panevėžio rajono,4
Piniavos,1681,752,44.74,Panevėžio rajono,5
Bernatonių,1114,471,42.28,Panevėžio rajono,6
Paįstrio,1366,492,36.02,Panevėžio rajono,7
Daukniūnų,613,268,43.72,Panevėžio rajono,8
Krekenavos,2074,805,38.81,Panevėžio rajono,9
Žibartonių,831,276,33.21,Panevėžio rajono,11
Naujarodžių,406,144,35.47,Panevėžio rajono,12
Linkaučių,325,109,33.54,Panevėžio rajono,13
Upytės,620,309,49.84,Panevėžio rajono,14
Ėriškių,559,290,51.88,Panevėžio rajono,15
Liberiškio,557,154,27.65,Panevėžio rajono,16
Berniūnų,492,217,44.11,Panevėžio rajono,17
Naujamiesčio,1333,588,44.11,Panevėžio rajono,18
Gustonių,588,209,35.54,Panevėžio rajono,19
Smilgių,601,262,43.59,Panevėžio rajono,20
Sujėtų,316,171,54.11,Panevėžio rajono,21
Perekšlių,504,208,41.27,Panevėžio rajono,22
Uliūnų,663,243,36.65,Panevėžio rajono,23
Ramygalos,2121,922,43.47,Panevėžio rajono,24
Daniūnų,352,160,45.45,Panevėžio rajono,25
Raguvos,1120,509,45.45,Panevėžio rajono,26
Šilų,304,152,50.0,Panevėžio rajono,27
Miežiškių,691,353,51.09,Panevėžio rajono,28
Nevėžio,608,247,40.62,Panevėžio rajono,29
Trakiškio,857,337,39.32,Panevėžio rajono,30
Paežerio,878,472,53.76,Panevėžio rajono,31
Šilagalio,596,272,45.64,Panevėžio rajono,32
Dembavos,2265,1145,50.55,Panevėžio rajono,33
Velžio,2476,1256,50.73,Panevėžio rajono,34
Liūdynės,600,266,44.33,Panevėžio rajono,35
Katinų,360,143,39.72,Panevėžio rajono,36
Pažagienių,746,328,43.97,Panevėžio rajono,37
Vadoklių,903,389,43.08,Panevėžio rajono,38
Jotainių,706,277,39.24,Panevėžio rajono,39
Molainių,951,566,59.52,Panevėžio rajono,42
Mažėnių,229,92,40.17,Panevėžio rajono,43
Skaistgirių,416,154,37.02,Panevėžio rajono,44
Joniškėlio,1015,472,46.5,Pasvalio rajono,1
P.Vileišio,2255,1138,50.47,Pasvalio rajono,2
Kalno,2476,1116,45.07,Pasvalio rajono,3
Vilniaus,1940,890,45.88,Pasvalio rajono,4
Daujėnų,596,290,48.66,Pasvalio rajono,5
Girsūdų,494,198,40.08,Pasvalio rajono,6
Švobiškio,458,206,44.98,Pasvalio rajono,7
Norgėlų,233,96,41.2,Pasvalio rajono,8
Meškalaukio,505,195,38.61,Pasvalio rajono,9
Nakiškių,576,201,34.9,Pasvalio rajono,10
Narteikių,497,220,44.27,Pasvalio rajono,11
Krinčino,670,296,44.18,Pasvalio rajono,12
Gulbinėnų,245,109,44.49,Pasvalio rajono,13
Pajiešmenių,811,330,40.69,Pasvalio rajono,14
Papyvesių,787,339,43.07,Pasvalio rajono,15
Talačkonių,490,184,37.55,Pasvalio rajono,16
Ustukių,853,364,42.67,Pasvalio rajono,17
Valakėlių,401,169,42.14,Pasvalio rajono,18
Pumpėnų,930,381,40.97,Pasvalio rajono,19
Jurgėnų,556,252,45.32,Pasvalio rajono,20
Kriklinių,430,202,46.98,Pasvalio rajono,21
Rinkūnų,328,147,44.82,Pasvalio rajono,22
Pušaloto,789,354,44.87,Pasvalio rajono,23
Mikoliškio,564,233,41.31,Pasvalio rajono,24
Deglėnų,205,107,52.2,Pasvalio rajono,25
Kiemėnų,342,173,50.58,Pasvalio rajono,26
Namišių,445,231,51.91,Pasvalio rajono,27
Raubonių,663,257,38.76,Pasvalio rajono,28
Saločių,1042,408,39.16,Pasvalio rajono,29
Žadeikonių,197,130,65.99,Pasvalio rajono,30
Žilpamūšio,424,183,43.16,Pasvalio rajono,31
Grūžių,418,169,40.43,Pasvalio rajono,32
Nairių,371,155,41.78,Pasvalio rajono,33
Tetirvinų,600,256,42.67,Pasvalio rajono,34
Vaškų,860,343,39.88,Pasvalio rajono,35
Birutės,1864,667,35.78,Plungės rajono,1
Dariaus ir Girėno,1519,674,44.37,Plungės rajono,2
A.Jucio,3100,1311,42.29,Plungės rajono,3
Laisvės,2782,1241,44.61,Plungės rajono,4
V.Mačernio,2645,1228,46.43,Plungės rajono,5
Senamiesčio,1910,851,44.55,Plungės rajono,6
A.Vaišvilos,2374,1052,44.31,Plungės rajono,7
Aleksandravo,382,190,49.74,Plungės rajono,8
Alsėdžių,1027,351,34.18,Plungės rajono,9
Didvyčių,424,176,41.51,Plungės rajono,11
Gegrėnų,550,218,39.64,Plungės rajono,12
Gintališkės,401,159,39.65,Plungės rajono,14
Glaudžių,796,318,39.95,Plungės rajono,15
Grumblių,433,167,38.57,Plungės rajono,16
Karklėnų,618,204,33.01,Plungės rajono,17
Kontaučių,593,255,43.0,Plungės rajono,18
Kulių,1051,474,45.1,Plungės rajono,19
Milašaičių,327,162,49.54,Plungės rajono,21
Narvaišių,578,266,46.02,Plungės rajono,23
Nausodžio,1510,615,40.73,Plungės rajono,24
Platelių,1326,595,44.87,Plungės rajono,26
Stalgėnų,555,241,43.42,Plungės rajono,29
Stanelių,606,231,38.12,Plungės rajono,30
Šateikių,1034,366,35.4,Plungės rajono,31
Truikių,782,353,45.14,Plungės rajono,32
Žemaičių Kalvarijos,1146,476,41.54,Plungės rajono,34
Žlibinų,622,257,41.32,Plungės rajono,35
Prūsalių,979,354,36.16,Plungės rajono,37
Dariaus ir Girėno,2679,1360,50.77,Prienų rajono,1
J.Basanavičiaus,2030,1010,49.75,Prienų rajono,2
Kęstučio,1316,662,50.3,Prienų rajono,3
Statybininkų,2426,1166,48.06,Prienų rajono,4
Žemaitkiemio,375,158,42.13,Prienų rajono,5
Šiauliškių,597,221,37.02,Prienų rajono,6
Išlaužo,780,356,45.64,Prienų rajono,7
Naujosios Ūtos,425,212,49.88,Prienų rajono,8
Jiestrakio,434,187,43.09,Prienų rajono,9
Klebiškio,444,199,44.82,Prienų rajono,10
Šilavoto,589,203,34.47,Prienų rajono,11
Skriaudžių,1082,393,36.32,Prienų rajono,13
Juodbūdžio,539,253,46.94,Prienų rajono,14
Veiverių,1622,785,48.4,Prienų rajono,15
Balbieriškio miestelio,847,404,47.7,Prienų rajono,16
Jiezno miesto,1011,546,54.01,Prienų rajono,17
Jiezno kaimiškoji,728,328,45.05,Prienų rajono,18
Kašonių,649,344,53.0,Prienų rajono,19
Vėžionių,301,107,35.55,Prienų rajono,20
Ašmintos,600,257,42.83,Prienų rajono,21
Strielčių,776,325,41.88,Prienų rajono,22
Balbieriškio kaimiškoji,763,277,36.3,Prienų rajono,23
Paprūdžių,609,280,45.98,Prienų rajono,24
Žiūronių,285,99,34.74,Prienų rajono,25
Pakuonio,884,415,46.95,Prienų rajono,29
Purvininkų,223,89,39.91,Prienų rajono,30
Vyšniūnų,702,291,41.45,Prienų rajono,31
Užuguosčio,352,188,53.41,Prienų rajono,32
Pieštuvėnų,508,170,33.46,Prienų rajono,33
Stakliškių,802,359,44.76,Prienų rajono,34
Acokavų,306,103,33.66,Radviliškio rajono,1
Alksniupių,815,336,41.23,Radviliškio rajono,2
Aukštelkų,936,361,38.57,Radviliškio rajono,3
Baisogalos,2039,996,48.85,Radviliškio rajono,4
Beinoravos,434,212,48.85,Radviliškio rajono,5
Butėnų,340,113,33.24,Radviliškio rajono,6
Daugėlaičių,441,157,35.6,Radviliškio rajono,7
Gražionių,535,223,41.68,Radviliškio rajono,8
Gražiškių,138,70,50.72,Radviliškio rajono,9
Grinkiškio,763,330,43.25,Radviliškio rajono,10
Kairėnų,234,102,43.59,Radviliškio rajono,12
Karčemų,593,227,38.28,Radviliškio rajono,13
Kutiškių,640,266,41.56,Radviliškio rajono,14
Miežaičių,230,95,41.3,Radviliškio rajono,15
Minaičių,167,81,48.5,Radviliškio rajono,16
Pakiršinio,856,365,42.64,Radviliškio rajono,17
Palonų,408,140,34.31,Radviliškio rajono,18
Papušynio,249,100,40.16,Radviliškio rajono,19
Pašušvio,492,207,42.07,Radviliškio rajono,20
Pavartyčių,643,253,39.35,Radviliškio rajono,21
Pociūnų,419,191,45.58,Radviliškio rajono,22
Pociūnėlių,581,245,42.17,Radviliškio rajono,23
Polekėlės,364,172,47.25,Radviliškio rajono,24
Vaižganto,2356,1028,43.63,Radviliškio rajono,25
Lituanikos,2006,958,47.76,Radviliškio rajono,26
Kudirkos,2092,1099,52.53,Radviliškio rajono,27
Rūmų,2472,997,40.33,Radviliškio rajono,28
Lizdeikos,2413,1119,46.37,Radviliškio rajono,29
Raudondvario,898,318,35.41,Radviliškio rajono,30
Sidabravo,808,355,43.94,Radviliškio rajono,31
Skėmių,470,214,45.53,Radviliškio rajono,32
Šaukoto,590,258,43.73,Radviliškio rajono,33
Šeduvos,1099,550,50.05,Radviliškio rajono,34
Mokyklos,1206,499,41.38,Radviliškio rajono,35
Šiaulėnų,724,307,42.4,Radviliškio rajono,36
Šniūraičių,649,264,40.68,Radviliškio rajono,37
Tyrulių,381,173,45.41,Radviliškio rajono,38
Vadaktų,256,113,44.14,Radviliškio rajono,39
Vaitiekūnų,246,104,42.28,Radviliškio rajono,40
Vėriškių,638,233,36.52,Radviliškio rajono,41
Žeimių,286,82,28.67,Radviliškio rajono,43
Eibariškių,2628,1154,43.91,Radviliškio rajono,44
Prabaudos,2472,1190,48.14,Raseinių rajono,1
Stonų,2272,1089,47.93,Raseinių rajono,2
Centro,1820,913,50.16,Raseinių rajono,3
Pramonės,2769,1262,45.58,Raseinių rajono,4
Kalnujų,505,229,45.35,Raseinių rajono,5
Pašaltuonio,215,119,55.35,Raseinių rajono,6
Sujainių,1045,459,43.92,Raseinių rajono,7
Slabados,395,195,49.37,Raseinių rajono,8
Viduklės,2064,856,41.47,Raseinių rajono,9
Paupio,228,112,49.12,Raseinių rajono,10
Pryšmančių,636,259,40.72,Raseinių rajono,11
Nemakščių,1138,540,47.45,Raseinių rajono,12
Kryžkalnio,506,194,38.34,Raseinių rajono,13
Ariogalos,1523,740,48.59,Raseinių rajono,14
Šarkių,350,154,44.0,Raseinių rajono,15
Gėluvos,487,298,61.19,Raseinių rajono,16
Dainavos,267,146,54.68,Raseinių rajono,17
Butkiškės,505,298,59.01,Raseinių rajono,18
Verėduvos,454,214,47.14,Raseinių rajono,19
Milašaičių,346,200,57.8,Raseinių rajono,20
Paliepių,388,199,51.29,Raseinių rajono,21
Pramedžiavos,509,249,48.92,Raseinių rajono,22
Girkalnio,942,476,50.53,Raseinių rajono,23
Požėčių,298,165,55.37,Raseinių rajono,24
Grajauskų,170,88,51.76,Raseinių rajono,25
Betygalos,503,290,57.65,Raseinių rajono,26
Berteškių,414,207,50.0,Raseinių rajono,27
Ilgižių,439,246,56.04,Raseinių rajono,28
Steponkaimio,151,104,68.87,Raseinių rajono,29
Kaulakių,521,211,40.5,Raseinių rajono,30
Skirmantiškės,350,163,46.57,Raseinių rajono,31
Vosiliškio,340,167,49.12,Raseinių rajono,32
Šiluvos,723,381,52.7,Raseinių rajono,33
Lyduvėnų,276,137,49.64,Raseinių rajono,34
Katauskių,519,264,50.87,Raseinių rajono,35
Žaiginio,568,259,45.6,Raseinių rajono,36
Ramonų,373,225,60.32,Raseinių rajono,37
Gruzdiškės,503,281,55.86,Raseinių rajono,38
Norgėlų,594,331,55.72,Raseinių rajono,39
Lenkelių,176,86,48.86,Raseinių rajono,40
Gabšių,392,207,52.81,Raseinių rajono,41
Bebirvos,133,72,54.14,Raseinių rajono,42
Alėjų,201,133,66.17,Raseinių rajono,43
Gervinės,166,100,60.24,Raseinių rajono,44
Melioratorių,1347,651,48.33,Raseinių rajono,45
Didžiulių,319,195,61.13,Raseinių rajono,46
Daugėdų,360,195,54.17,Rietavo,1
Giliogirio,249,113,45.38,Rietavo,2
Labardžių,301,150,49.83,Rietavo,3
Medingėnų,457,176,38.51,Rietavo,4
Pelaičių,660,262,39.7,Rietavo,5
Rietavo,2361,1145,48.5,Rietavo,6
Sauslaukio,1943,882,45.39,Rietavo,7
Tverų,1109,426,38.41,Rietavo,8
J.Tumo-Vaižganto,2354,1117,47.45,Rokiškio rajono,1
Senamiesčio,2533,1224,48.32,Rokiškio rajono,2
Mikrorajono,1754,895,51.03,Rokiškio rajono,3
J.Tūbelio,2620,1249,47.67,Rokiškio rajono,4
Respublikos,2476,1211,48.91,Rokiškio rajono,5
Bajorų,858,442,51.52,Rokiškio rajono,6
Čedasų,220,98,44.55,Rokiškio rajono,7
Kavoliškio,1463,621,42.45,Rokiškio rajono,8
Skemų,618,232,37.54,Rokiškio rajono,9
Žiobiškio,473,211,44.61,Rokiškio rajono,10
Kazliškio,447,230,51.45,Rokiškio rajono,11
Konstantinavos,197,96,48.73,Rokiškio rajono,12
Obelių,880,442,50.23,Rokiškio rajono,13
Pandėlio,1493,614,41.13,Rokiškio rajono,14
Juodupės,1536,808,52.6,Rokiškio rajono,15
Juodupės kaimiškoji,1075,473,44.0,Rokiškio rajono,16
Lukštų,275,123,44.73,Rokiškio rajono,18
Jūžintų,848,372,43.87,Rokiškio rajono,19
Laibgalių,688,287,41.72,Rokiškio rajono,20
Sėlynės,285,155,54.39,Rokiškio rajono,21
Kamajų,613,280,45.68,Rokiškio rajono,22
Aukštakalnių,310,127,40.97,Rokiškio rajono,23
Duokiškio,236,134,56.78,Rokiškio rajono,24
Kalvių,352,188,53.41,Rokiškio rajono,25
Salų,394,240,60.91,Rokiškio rajono,26
Kriaunų,465,213,45.81,Rokiškio rajono,27
Lašų,319,150,47.02,Rokiškio rajono,28
Kairelių,256,155,60.55,Rokiškio rajono,29
Pakriaunių,216,111,51.39,Rokiškio rajono,30
Aleksandravėlės,182,75,41.21,Rokiškio rajono,31
Zarinkiškių,221,108,48.87,Rokiškio rajono,32
Antanašės,353,149,42.21,Rokiškio rajono,33
Obelių,527,245,46.49,Rokiškio rajono,34
Suvainiškio,217,101,46.54,Rokiškio rajono,35
Sriubiškių,274,134,48.91,Rokiškio rajono,37
Lailūnų,278,146,52.52,Rokiškio rajono,38
Panemunio,325,160,49.23,Rokiškio rajono,40
Stoties,802,370,46.13,Rokiškio rajono,41
Panemunėlio,366,182,49.73,Rokiškio rajono,42
Skuodo,2028,1001,49.36,Skuodo rajono,1
Vilniaus,2062,983,47.67,Skuodo rajono,2
Laisvės,1935,797,41.19,Skuodo rajono,3
Aleksandrijos,574,284,49.48,Skuodo rajono,4
Kaukolikų,433,192,44.34,Skuodo rajono,5
Gėsalų,332,108,32.53,Skuodo rajono,6
Barstyčių,802,316,39.4,Skuodo rajono,7
Ylakių,1154,540,46.79,Skuodo rajono,9
Trumplaukės,410,169,41.22,Skuodo rajono,10
Vižančių,393,147,37.4,Skuodo rajono,11
Pašilės,604,233,38.58,Skuodo rajono,12
Lenkimų,858,347,40.44,Skuodo rajono,14
Mosėdžio,1656,683,41.24,Skuodo rajono,15
Šauklių,432,172,39.81,Skuodo rajono,16
Notėnų,349,134,38.4,Skuodo rajono,17
Šliktinės,524,178,33.97,Skuodo rajono,18
Daukšių,574,265,46.17,Skuodo rajono,19
D.Rūšupių,790,265,33.54,Skuodo rajono,20
Luknės,352,135,38.35,Skuodo rajono,21
M.Rūšupių,388,168,43.3,Skuodo rajono,22
Šačių,562,247,43.95,Skuodo rajono,23
Rukų,439,156,35.54,Skuodo rajono,24
Žiburio,1572,790,50.25,Šakių rajono,1
Varpo,2036,999,49.07,Šakių rajono,2
Aušros,1353,654,48.34,Šakių rajono,3
Barzdų,474,229,48.31,Šakių rajono,4
Baltrušių,364,167,45.88,Šakių rajono,5
Būblelių,414,182,43.96,Šakių rajono,6
Panovių,487,230,47.23,Šakių rajono,7
Gelgaudiškio,2345,937,39.96,Šakių rajono,8
Plokščių,828,352,42.51,Šakių rajono,9
Griškabūdžio,888,387,43.58,Šakių rajono,10
Degutinės,314,128,40.76,Šakių rajono,11
Patašinės,510,205,40.2,Šakių rajono,12
Paluobių,470,257,54.68,Šakių rajono,13
Kidulių,1555,678,43.6,Šakių rajono,16
Voverių,501,209,41.72,Šakių rajono,17
Sudargo,787,362,46.0,Šakių rajono,19
Kriūkų,956,353,36.92,Šakių rajono,20
Gerdžiūnų,700,289,41.29,Šakių rajono,21
Lekėčių,1007,426,42.3,Šakių rajono,22
Mikytų,381,173,45.41,Šakių rajono,23
Lukšių,1602,684,42.7,Šakių rajono,24
Liepalotų,608,268,44.08,Šakių rajono,25
Sintautų,563,304,54.0,Šakių rajono,26
Veršių,531,214,40.3,Šakių rajono,27
Keturnaujienos,372,188,50.54,Šakių rajono,28
Žvirgždaičių,516,208,40.31,Šakių rajono,29
Slavikų,623,281,45.1,Šakių rajono,30
Gotlybiškių,539,215,39.89,Šakių rajono,31
Išdagų,553,184,33.27,Šakių rajono,33
Giedručių,839,349,41.6,Šakių rajono,34
Ritinių,369,140,37.94,Šakių rajono,35
Girėnų,960,438,45.62,Šakių rajono,36
Briedžių,481,221,45.95,Šakių rajono,37
Kudirkos Naumiesčio,1510,714,47.28,Šakių rajono,38
Šalčininkų,2367,1163,49.13,Šalčininkų rajono,1
Centrinė miesto,2446,1188,48.57,Šalčininkų rajono,2
Parko,1668,662,39.69,Šalčininkų rajono,3
Šalčininkėlių,867,407,46.94,Šalčininkų rajono,4
Zavišonių,609,306,50.25,Šalčininkų rajono,5
Gerviškių,403,225,55.83,Šalčininkų rajono,6
Tribonių,293,164,55.97,Šalčininkų rajono,7
Sėlų,484,305,63.02,Šalčininkų rajono,8
Čiužiakampio,612,364,59.48,Šalčininkų rajono,9
Butrimonių,816,485,59.44,Šalčininkų rajono,10
Jančiūnų,444,313,70.5,Šalčininkų rajono,11
Eišiškių,2226,1110,49.87,Šalčininkų rajono,12
Jurzdikos,621,355,57.17,Šalčininkų rajono,13
Gornostajiškių,670,375,55.97,Šalčininkų rajono,14
Kalesninkų,984,622,63.21,Šalčininkų rajono,15
Purvėnų,699,519,74.25,Šalčininkų rajono,16
Dainavos,740,530,71.62,Šalčininkų rajono,17
Pabarės,729,548,75.17,Šalčininkų rajono,18
Tetėnų,453,225,49.67,Šalčininkų rajono,19
Jašiūnų,2490,1393,55.94,Šalčininkų rajono,20
Geležinkelio,437,292,66.82,Šalčininkų rajono,21
Keidžių,346,213,61.56,Šalčininkų rajono,22
Rūdninkų,513,313,61.01,Šalčininkų rajono,23
Baltosios Vokės,1082,832,76.89,Šalčininkų rajono,24
Turgelių,1199,724,60.38,Šalčininkų rajono,25
Skynimų,416,222,53.37,Šalčininkų rajono,26
Tabariškių,486,268,55.14,Šalčininkų rajono,27
Akmenynės,733,553,75.44,Šalčininkų rajono,28
Poškonių,670,349,52.09,Šalčininkų rajono,29
Dieveniškių,1091,572,52.43,Šalčininkų rajono,30
Krakūnų,200,150,75.0,Šalčininkų rajono,31
Jurgelionių,261,178,68.2,Šalčininkų rajono,32
Milkūnų,399,252,63.16,Šalčininkų rajono,33
Baušių,411,242,58.88,Šalčininkų rajono,34
Dailidžių,318,228,71.7,Šalčininkų rajono,35
Tausiūnų,221,152,68.78,Šalčininkų rajono,37
Medelyno,4147,2002,48.28,Šiaulių miesto,2
Purienų,2113,993,46.99,Šiaulių miesto,3
J.Basanavičiaus,2672,1040,38.92,Šiaulių miesto,4
M.K.Čiurlionio,1503,750,49.9,Šiaulių miesto,5
V.Kudirkos,2150,996,46.33,Šiaulių miesto,6
Vijolių,2328,986,42.35,Šiaulių miesto,8
Jovaro,3275,1713,52.31,Šiaulių miesto,9
Parko,2173,1181,54.35,Šiaulių miesto,10
Varpo,2433,1151,47.31,Šiaulių miesto,11
J.Janonio,2730,1298,47.55,Šiaulių miesto,13
S.Šalkauskio,2717,1379,50.75,Šiaulių miesto,15
Kražių,2001,1009,50.42,Šiaulių miesto,18
Linkuvos,2520,1045,41.47,Šiaulių miesto,20
Šimšės,3221,1572,48.8,Šiaulių miesto,21
Zoknių,2261,904,39.98,Šiaulių miesto,22
Pabalių,1601,846,52.84,Šiaulių miesto,23
Ragainės,1786,911,51.01,Šiaulių miesto,24
K.Donelaičio,1628,795,48.83,Šiaulių miesto,25
Verduliukų,3250,1580,48.62,Šiaulių miesto,27
Tilžės,3407,1477,43.35,Šiaulių miesto,28
Žaliūkių,2284,1106,48.42,Šiaulių miesto,29
Gegužių,2796,1361,48.68,Šiaulių miesto,30
S.Dariaus ir S.Girėno,2048,949,46.34,Šiaulių miesto,31
Lieporių,3280,1631,49.73,Šiaulių miesto,33
Beržyno,2402,1157,48.17,Šiaulių miesto,34
Senojo Bokšto,2360,1147,48.6,Šiaulių miesto,35
Dainų,2316,1227,52.98,Šiaulių miesto,36
Aido,2222,1072,48.24,Šiaulių miesto,37
Lyros,2308,1076,46.62,Šiaulių miesto,38
Architektų,2198,1047,47.63,Šiaulių miesto,39
Romuvos,3651,1622,44.43,Šiaulių miesto,40
Šventupio,3912,1787,45.68,Šiaulių miesto,41
Gytarių,3277,1504,45.9,Šiaulių miesto,42
Rėkyvos,3417,1458,42.67,Šiaulių miesto,44
Ginkūnų,2891,1305,45.14,Šiaulių rajono,1
Bridų,1284,565,44.0,Šiaulių rajono,2
Vijolių,998,491,49.2,Šiaulių rajono,3
Voveriškių,824,336,40.78,Šiaulių rajono,4
Gegužių,760,382,50.26,Šiaulių rajono,5
Aukštelkės,1299,627,48.27,Šiaulių rajono,6
Pakapės,714,226,31.65,Šiaulių rajono,7
Bubių,1015,482,47.49,Šiaulių rajono,9
Gilvyčių,417,167,40.05,Šiaulių rajono,10
Kurtuvėnų,607,249,41.02,Šiaulių rajono,11
Bazilionų,749,345,46.06,Šiaulių rajono,12
Kairių,1910,842,44.08,Šiaulių rajono,13
Šilėnų,441,190,43.08,Šiaulių rajono,14
Žadžiūnų,471,176,37.37,Šiaulių rajono,15
Meškuičių,1103,483,43.79,Šiaulių rajono,16
Naisių,700,320,45.71,Šiaulių rajono,17
Gruzdžių,1454,567,39.0,Šiaulių rajono,18
Šiupylių,380,164,43.16,Šiaulių rajono,19
Kužių,1585,587,37.03,Šiaulių rajono,20
Gilaičių,322,107,33.23,Šiaulių rajono,21
Verbūnų,599,206,34.39,Šiaulių rajono,22
Smilgių,269,91,33.83,Šiaulių rajono,23
L. Ivinskio,2233,1074,48.1,Šiaulių rajono,24
Centro,1102,545,49.46,Šiaulių rajono,25
Gedimino,2560,1132,44.22,Šiaulių rajono,26
Pušyno,1576,716,45.43,Šiaulių rajono,27
Pavenčių,1243,538,43.28,Šiaulių rajono,28
Daugėlių,1641,676,41.19,Šiaulių rajono,29
Micaičių,839,322,38.38,Šiaulių rajono,30
Varputėnų,263,104,39.54,Šiaulių rajono,31
Gergždelių,276,114,41.3,Šiaulių rajono,32
Pakumulšių,387,127,32.82,Šiaulių rajono,33
Drąsučių,1204,412,34.22,Šiaulių rajono,34
Romučių,246,92,37.4,Šiaulių rajono,35
Sauginių,324,134,41.36,Šiaulių rajono,36
Raudėnų,611,275,45.01,Šiaulių rajono,37
Dirvonėnų,479,171,35.7,Šiaulių rajono,38
Šakynos,656,181,27.59,Šiaulių rajono,39
Žarėnų,470,142,30.21,Šiaulių rajono,40
Šilalės,2127,1090,51.25,Šilalės rajono,1
Balsių,952,447,46.95,Šilalės rajono,2
Bijotų,630,285,45.24,Šilalės rajono,3
Bilionių,396,179,45.2,Šilalės rajono,4
Bytlaukio,432,199,46.06,Šilalės rajono,5
Biržų Lauko,566,246,43.46,Šilalės rajono,6
Didkiemio,273,152,55.68,Šilalės rajono,7
Gineikių,420,181,43.1,Šilalės rajono,8
Girdiškės,222,99,44.59,Šilalės rajono,9
Iždonų,283,151,53.36,Šilalės rajono,10
Jomantų,653,234,35.83,Šilalės rajono,11
Jucaičių,448,222,49.55,Šilalės rajono,12
Kaltinėnų,1229,605,49.23,Šilalės rajono,13
Kvėdarnos,2069,993,47.99,Šilalės rajono,14
Laukuvos,1577,689,43.69,Šilalės rajono,15
Obelyno,692,289,41.76,Šilalės rajono,16
Pajūrio,1159,537,46.33,Šilalės rajono,17
Pajūralio,805,365,45.34,Šilalės rajono,18
Požerės,407,214,52.58,Šilalės rajono,19
Šiauduvos,669,350,52.32,Šilalės rajono,20
Tenenių,432,240,55.56,Šilalės rajono,21
Traksėdžio,927,406,43.8,Šilalės rajono,22
Upynos,825,405,49.09,Šilalės rajono,23
Žadeikių,708,315,44.49,Šilalės rajono,24
Ligoninės,1508,770,51.06,Šilalės rajono,25
Palentinio,243,120,49.38,Šilalės rajono,26
Gimnazijos,1689,796,47.13,Šilalės rajono,27
Mokyklos,2376,964,40.57,Šilutės rajono,1
Žalgirio,2340,1047,44.74,Šilutės rajono,2
Martyno Jankaus,2388,1087,45.52,Šilutės rajono,3
Politechnikos,1781,760,42.67,Šilutės rajono,4
Tilžės,2507,1059,42.24,Šilutės rajono,5
Rusnės,1377,574,41.68,Šilutės rajono,6
Gardamo,829,321,38.72,Šilutės rajono,7
Ramučių,216,89,41.2,Šilutės rajono,8
Šylių,480,207,43.12,Šilutės rajono,9
Pagrynių,1692,594,35.11,Šilutės rajono,10
Traksėdžių,884,315,35.63,Šilutės rajono,11
Jonaičių,485,224,46.19,Šilutės rajono,12
Juknaičių,1326,457,34.46,Šilutės rajono,13
Pašyšių,940,301,32.02,Šilutės rajono,14
Grabupių,698,256,36.68,Šilutės rajono,16
Macikų,961,251,26.12,Šilutės rajono,17
Naujakurių,1496,687,45.92,Šilutės rajono,18
Žemaitkiemio,297,126,42.42,Šilutės rajono,19
Barvų,195,77,39.49,Šilutės rajono,20
Saugų,1104,412,37.32,Šilutės rajono,21
Kintų,1543,488,31.63,Šilutės rajono,22
Vilkyčių,1270,434,34.17,Šilutės rajono,23
Stubrių,273,175,64.1,Šilutės rajono,24
Stemplių,180,106,58.89,Šilutės rajono,25
Švėkšnos,2022,977,48.32,Šilutės rajono,26
Inkaklių,630,279,44.29,Šilutės rajono,27
Katyčių,674,295,43.77,Šilutės rajono,28
Usėnų,1087,379,34.87,Šilutės rajono,29
Bikavėnų,393,179,45.55,Šilutės rajono,30
Gorainių,304,132,43.42,Šilutės rajono,31
Kivylių,445,222,49.89,Šilutės rajono,32
Vainuto,770,353,45.84,Šilutės rajono,33
Pempiškių,125,71,56.8,Šilutės rajono,34
Lietuvininkų,842,424,50.36,Šilutės rajono,35
Liepų,1154,540,46.79,Šilutės rajono,36
Žemaičių Naumiesčio,1263,667,52.81,Šilutės rajono,37
Degučių,771,344,44.62,Šilutės rajono,38
Naumiesčio kaimiškoji,888,416,46.85,Šilutės rajono,39
Širvintų m.,2619,1172,44.75,Širvintų rajono,1
I.Šeiniaus,3196,1595,49.91,Širvintų rajono,2
Juodiškių,404,185,45.79,Širvintų rajono,3
Alionių,408,169,41.42,Širvintų rajono,4
Čiobiškio,467,238,50.96,Širvintų rajono,5
Virvyčių,285,142,49.82,Širvintų rajono,6
Bagaslaviškio,405,187,46.17,Širvintų rajono,7
Gelvonų,509,226,44.4,Širvintų rajono,8
Liukonių,363,186,51.24,Širvintų rajono,9
Bartkuškio,459,177,38.56,Širvintų rajono,10
Šiaulių,422,190,45.02,Širvintų rajono,11
Medžiukų,659,338,51.29,Širvintų rajono,12
Kernavės,426,216,50.7,Širvintų rajono,13
Musninkų,710,353,49.72,Širvintų rajono,14
Vileikiškių,320,136,42.5,Širvintų rajono,15
Alekniškio,248,90,36.29,Širvintų rajono,16
Družų,483,149,30.85,Širvintų rajono,17
Motiejūnų,273,132,48.35,Širvintų rajono,18
Širvintų kaimiškoji,722,338,46.81,Širvintų rajono,19
Anciūnų,364,166,45.6,Širvintų rajono,20
Kiauklių,220,122,55.45,Širvintų rajono,21
Šešuolėlių,495,197,39.8,Širvintų rajono,22
Viesų,149,70,46.98,Širvintų rajono,23
Kielių,375,154,41.07,Širvintų rajono,24
Švenčionėlių,2315,1068,46.13,Švenčionių rajono,1
Ateities,2396,1198,50.0,Švenčionių rajono,2
Kaltanėnų,447,293,65.55,Švenčionių rajono,3
Labanoro,333,243,72.97,Švenčionių rajono,4
Pašaminės,582,245,42.1,Švenčionių rajono,6
Reškutėnų,271,157,57.93,Švenčionių rajono,7
Trūdų,626,303,48.4,Švenčionių rajono,8
Zadvarninkų,601,299,49.75,Švenčionių rajono,9
Milkuškų,339,157,46.31,Švenčionių rajono,10
Stanislavavo,251,144,57.37,Švenčionių rajono,11
Šventos,458,201,43.89,Švenčionių rajono,12
Bačkininkų,303,122,40.26,Švenčionių rajono,13
Svirkų,477,256,53.67,Švenčionių rajono,14
Adutiškio,689,399,57.91,Švenčionių rajono,15
Jakelių,240,155,64.58,Švenčionių rajono,16
Pabradės,1748,644,36.84,Švenčionių rajono,17
Kranto,3080,1323,42.95,Švenčionių rajono,18
Švenčionių,2034,1052,51.72,Švenčionių rajono,19
Liepų,2206,978,44.33,Švenčionių rajono,20
Cirkliškio,773,328,42.43,Švenčionių rajono,21
Magūnų,364,165,45.33,Švenčionių rajono,22
Prienų,321,150,46.73,Švenčionių rajono,23
Karkažiškės,523,148,28.3,Švenčionių rajono,24
Pavoverės,742,246,33.15,Švenčionių rajono,26
Sarių,407,211,51.84,Švenčionių rajono,27
Strūnaičio,483,247,51.14,Švenčionių rajono,28
Vidutinės,601,239,39.77,Švenčionių rajono,29
Prezidento,2649,1250,47.19,Tauragės rajono,1
J.Tumo-Vaižganto,3524,1580,44.84,Tauragės rajono,2
Tauragės,1286,645,50.16,Tauragės rajono,3
Dariaus ir Girėno,2363,1030,43.59,Tauragės rajono,4
Aerodromo,3317,1503,45.31,Tauragės rajono,5
Moksleivių,2879,1314,45.64,Tauragės rajono,6
Laisvės,3027,1316,43.48,Tauragės rajono,7
Melioratorių,1299,599,46.11,Tauragės rajono,9
Taurų,1944,740,38.07,Tauragės rajono,10
Lauksargių,1170,383,32.74,Tauragės rajono,11
Kęsčių,332,152,45.78,Tauragės rajono,12
Sartininkų,642,290,45.17,Tauragės rajono,13
Žygaičių,810,327,40.37,Tauragės rajono,14
Vizbarų,185,59,31.89,Tauragės rajono,15
Aukštupių,403,186,46.15,Tauragės rajono,16
Dapkiškių,521,261,50.1,Tauragės rajono,17
Norkaičių,649,290,44.68,Tauragės rajono,18
Pagramančio,618,289,46.76,Tauragės rajono,19
Mažonų,810,309,38.15,Tauragės rajono,20
Lomių,412,212,51.46,Tauragės rajono,21
Šakviečio,358,138,38.55,Tauragės rajono,22
Juodpetrių,734,191,26.02,Tauragės rajono,23
Skaudvilės,1535,755,49.19,Tauragės rajono,24
Adakavo,867,350,40.37,Tauragės rajono,25
Trepų,420,180,42.86,Tauragės rajono,26
Vaidilų,588,243,41.33,Tauragės rajono,27
Batakių,875,401,45.83,Tauragės rajono,28
Eidintų,434,202,46.54,Tauragės rajono,29
Gaurės,660,245,37.12,Tauragės rajono,30
Kunigiškių,601,219,36.44,Tauragės rajono,31
Eičių,333,127,38.14,Tauragės rajono,32
Baltrušaičių,580,219,37.76,Tauragės rajono,33
Dauglaukio,484,193,39.88,Tauragės rajono,34
Drąslaukio,554,242,43.68,Tauragės rajono,35
Lygumų,2944,1142,38.79,Telšių rajono,1
Masčio,2450,1170,47.76,Telšių rajono,2
Respublikos,1653,798,48.28,Telšių rajono,3
Žemaitės,2943,1240,42.13,Telšių rajono,4
Muziejaus,2182,1021,46.79,Telšių rajono,5
Šviesos,2201,1065,48.39,Telšių rajono,6
Kalno,513,255,49.71,Telšių rajono,7
Kęstučio,1592,706,44.35,Telšių rajono,8
Sedos,1703,736,43.22,Telšių rajono,9
P.Cvirkos,2649,1357,51.23,Telšių rajono,10
Degaičių,1011,451,44.61,Telšių rajono,11
Eigirdžių,811,310,38.22,Telšių rajono,12
Buožėnų,1000,364,36.4,Telšių rajono,13
Gedrimų,412,144,34.95,Telšių rajono,14
Nevarėnų,720,331,45.97,Telšių rajono,15
Mitkaičių,293,114,38.91,Telšių rajono,16
Nerimdaičių,292,131,44.86,Telšių rajono,17
Ubiškės,1010,325,32.18,Telšių rajono,18
Tryškių,1262,471,37.32,Telšių rajono,19
Kaunatavos,646,234,36.22,Telšių rajono,20
Upynos,558,213,38.17,Telšių rajono,21
Kirklių,401,166,41.4,Telšių rajono,22
Luokės,847,333,39.32,Telšių rajono,23
Viekšnalių,350,117,33.43,Telšių rajono,24
Kuršų,367,140,38.15,Telšių rajono,25
Janapolės,592,227,38.34,Telšių rajono,26
Pavandenės,554,251,45.31,Telšių rajono,27
Varnių,2102,824,39.2,Telšių rajono,28
Žarėnų,859,336,39.12,Telšių rajono,29
Ryškėnų,2064,749,36.29,Telšių rajono,30
Viešvėnų,816,340,41.67,Telšių rajono,31
Vembūtų,451,155,34.37,Telšių rajono,32
Rainių,909,334,36.74,Telšių rajono,33
Lentvario,2860,1116,39.02,Trakų rajono,1
Klevų,2972,1101,37.05,Trakų rajono,2
Trakų m.,2119,1174,55.4,Trakų rajono,3
Ismonių,260,92,35.38,Trakų rajono,10
Tiltų,363,195,53.72,Trakų rajono,11
Rūdiškių,2190,844,38.54,Trakų rajono,12
Šklėrių,441,148,33.56,Trakų rajono,13
Aukštadvario,1150,691,60.09,Trakų rajono,14
Čižiūnų,443,195,44.02,Trakų rajono,15
Karapolio,183,97,53.01,Trakų rajono,16
Grendavės,565,296,52.39,Trakų rajono,17
Rykantų,1139,427,37.49,Trakų rajono,21
Dusmenų,372,200,53.76,Trakų rajono,22
Onuškio,997,446,44.73,Trakų rajono,23
Vaickūniškių,345,156,45.22,Trakų rajono,24
Paluknio,1024,506,49.41,Trakų rajono,25
Bijūnų,396,184,46.46,Trakų rajono,27
Senojo Tarpupio,297,152,51.18,Trakų rajono,30
Senųjų Trakų,1707,802,46.98,Trakų rajono,31
Šventininkų,397,232,58.44,Trakų rajono,32
Bražuolės,766,339,44.26,Trakų rajono,33
Žaizdrių,802,306,38.15,Trakų rajono,34
Jovariškių,354,154,43.5,Trakų rajono,35
Salkininkų,382,158,41.36,Trakų rajono,40
Birutės,2397,1321,55.11,Trakų rajono,41
Bagdononių,298,92,30.87,Trakų rajono,42
Lauko,2171,939,43.25,Trakų rajono,43
Kilimų,1568,665,42.41,Trakų rajono,44
S.Daukanto,1545,744,48.16,Ukmergės rajono,1
Anykščių,1250,675,54.0,Ukmergės rajono,2
Maironio,1725,881,51.07,Ukmergės rajono,3
J.Basanavičiaus,891,429,48.15,Ukmergės rajono,4
Vytauto,947,439,46.36,Ukmergės rajono,5
Kęstučio,984,458,46.54,Ukmergės rajono,6
Klaipėdos,981,543,55.35,Ukmergės rajono,7
Transporto,878,348,39.64,Ukmergės rajono,8
Kauno,1229,515,41.9,Ukmergės rajono,9
Smėlių,1512,645,42.66,Ukmergės rajono,10
Krekšlių,2282,1023,44.83,Ukmergės rajono,11
Linų,2925,1356,46.36,Ukmergės rajono,12
Pivonijos,2043,937,45.86,Ukmergės rajono,13
Pašilės,848,422,49.76,Ukmergės rajono,14
Siesikų,604,245,40.56,Ukmergės rajono,15
Petronių,390,183,46.92,Ukmergės rajono,16
Tulpiakiemio,315,136,43.17,Ukmergės rajono,17
Taujėnų,739,308,41.68,Ukmergės rajono,18
Balelių,347,165,47.55,Ukmergės rajono,19
Lėno,297,157,52.86,Ukmergės rajono,20
Vidiškių,1440,536,37.22,Ukmergės rajono,21
Rečionių,895,383,42.79,Ukmergės rajono,22
Deltuvos,1597,621,38.89,Ukmergės rajono,23
Dainavos,699,309,44.21,Ukmergės rajono,24
Lyduokių,470,236,50.21,Ukmergės rajono,26
Nuotekų,365,159,43.56,Ukmergės rajono,27
Pabaisko,460,207,45.0,Ukmergės rajono,28
Kulniškių,340,139,40.88,Ukmergės rajono,29
Šešuolių,375,202,53.87,Ukmergės rajono,30
Liaušių,415,200,48.19,Ukmergės rajono,31
Antakalnio,365,137,37.53,Ukmergės rajono,32
Krikštėnų,331,170,51.36,Ukmergės rajono,33
Laičių,572,234,40.91,Ukmergės rajono,34
Veprių,743,352,47.38,Ukmergės rajono,35
Sližių,309,122,39.48,Ukmergės rajono,36
Želvos,549,266,48.45,Ukmergės rajono,37
Laumėnų,236,149,63.14,Ukmergės rajono,38
Tolučių,231,105,45.45,Ukmergės rajono,39
Žemaitkiemio,688,312,45.35,Ukmergės rajono,40
Aukštakalnio,1978,928,46.92,Utenos rajono,1
Taikos,2498,1235,49.44,Utenos rajono,2
Aušros,2278,1173,51.49,Utenos rajono,3
Dauniškio,2052,978,47.66,Utenos rajono,4
Vyturių,2565,1162,45.3,Utenos rajono,5
Centro,1633,694,42.5,Utenos rajono,6
Basanavičiaus,2623,1361,51.89,Utenos rajono,7
Ąžuolijos,2292,1177,51.35,Utenos rajono,8
Krašuonos,2425,1181,48.7,Utenos rajono,9
Daugailių,547,245,44.79,Utenos rajono,10
Radeikių,466,216,46.35,Utenos rajono,11
Juknėnų,198,82,41.41,Utenos rajono,12
Kuktiškių,663,296,44.65,Utenos rajono,13
Leliūnų,637,341,53.53,Utenos rajono,14
Antalgės,945,413,43.7,Utenos rajono,15
Pakalnių,989,437,44.19,Utenos rajono,16
Saldutiškio,568,294,51.76,Utenos rajono,17
Kirdeikių,348,206,59.2,Utenos rajono,18
Sudeikių,671,306,45.6,Utenos rajono,19
Sirutėnų,493,233,47.26,Utenos rajono,20
Tauragnų,1208,642,53.15,Utenos rajono,21
Pačkėnų,803,398,49.56,Utenos rajono,22
Biliakiemio,757,315,41.61,Utenos rajono,23
Vaikutėnų,503,233,46.32,Utenos rajono,24
Užpalių,1036,551,53.19,Utenos rajono,25
Kaniukų,354,195,55.08,Utenos rajono,26
Vilučių,222,98,44.14,Utenos rajono,27
Vyžuonų,1050,550,52.38,Utenos rajono,28
Naujasodžio,2318,1054,45.47,Utenos rajono,30
Smėlio,1890,687,36.35,Utenos rajono,31
Puodžių,481,232,48.23,Varėnos rajono,1
Žilinų,580,268,46.21,Varėnos rajono,2
Dubičių,523,209,39.96,Varėnos rajono,3
Panočių,523,239,45.7,Varėnos rajono,4
Kabelių,417,228,54.68,Varėnos rajono,5
Marcinkonių,616,327,53.08,Varėnos rajono,6
Puvočių,134,86,64.18,Varėnos rajono,8
Žiūrų,129,88,68.22,Varėnos rajono,9
Krūminių,476,203,42.65,Varėnos rajono,10
Matuizų,1272,582,45.75,Varėnos rajono,11
Gudakiemio,233,60,25.75,Varėnos rajono,13
Kibyšių,278,125,44.96,Varėnos rajono,14
Merkinės,1407,733,52.1,Varėnos rajono,15
Panaros,258,124,48.06,Varėnos rajono,16
Vilkiautinio,408,218,53.43,Varėnos rajono,17
Pilvingių,384,140,36.46,Varėnos rajono,18
Daržininkų,207,104,50.24,Varėnos rajono,24
Dargužių,316,175,55.38,Varėnos rajono,25
Valkininkų,813,423,52.03,Varėnos rajono,26
Pušelės,591,294,49.75,Varėnos rajono,27
Gudžių,406,203,50.0,Varėnos rajono,28
Nedzingės,257,120,46.69,Varėnos rajono,29
Perlojos,579,290,50.09,Varėnos rajono,30
Sarapiniškių,289,149,51.56,Varėnos rajono,31
Tolkūnų,387,151,39.02,Varėnos rajono,32
Krivilių,414,174,42.03,Varėnos rajono,33
Vydenių,742,295,39.76,Varėnos rajono,34
Rudnios,274,141,51.46,Varėnos rajono,35
Parko,2745,1268,46.19,Varėnos rajono,36
Dzūkų,2184,1004,45.97,Varėnos rajono,37
Šilo,2630,1279,48.63,Varėnos rajono,38
Senosios Varėnos,1098,498,45.36,Varėnos rajono,39
Vilkaviškio rytų,2459,1172,47.66,Vilkaviškio rajono,1
Vilkaviškio pietų,2404,1088,45.26,Vilkaviškio rajono,2
Vilkaviškio vakarų,1925,917,47.64,Vilkaviškio rajono,3
Vilkaviškio šiaurės,2989,1356,45.37,Vilkaviškio rajono,4
Kybartų rytų,2293,814,35.5,Vilkaviškio rajono,5
Kybartų vakarų,2176,897,41.22,Vilkaviškio rajono,6
Virbalio,922,378,41.0,Vilkaviškio rajono,7
Rimavičių,152,55,36.18,Vilkaviškio rajono,8
Bartninkų,521,193,37.04,Vilkaviškio rajono,9
Lakštučių,567,190,33.51,Vilkaviškio rajono,10
Pašeimenių,357,117,32.77,Vilkaviškio rajono,11
Piliakalnių,304,100,32.89,Vilkaviškio rajono,12
Gižų,666,286,42.94,Vilkaviškio rajono,13
Bačkiškių,433,151,34.87,Vilkaviškio rajono,14
Karklinių,629,228,36.25,Vilkaviškio rajono,15
Keturvalakių,381,181,47.51,Vilkaviškio rajono,16
Gudkaimio,609,238,39.08,Vilkaviškio rajono,17
Lauckaimio,323,117,36.22,Vilkaviškio rajono,18
Matlaukio,636,289,45.44,Vilkaviškio rajono,19
Šiaudiniškių,312,101,32.37,Vilkaviškio rajono,20
Vilkupių,153,103,67.32,Vilkaviškio rajono,21
Virbalio kaimiškoji,603,233,38.64,Vilkaviškio rajono,22
Daržininkų,449,172,38.31,Vilkaviškio rajono,23
Klausučių,628,260,41.4,Vilkaviškio rajono,24
Sūdavos,1102,418,37.93,Vilkaviškio rajono,25
Karalkrėslio,467,125,26.77,Vilkaviškio rajono,26
Pajevonio,787,302,38.37,Vilkaviškio rajono,27
Alksnėnų,398,144,36.18,Vilkaviškio rajono,28
Opšrūtų,292,107,36.64,Vilkaviškio rajono,29
Paežerių,624,205,32.85,Vilkaviškio rajono,30
Pilviškių,2129,794,37.29,Vilkaviškio rajono,31
Ramoniškių,402,180,44.78,Vilkaviškio rajono,32
Alvito,1226,496,40.46,Vilkaviškio rajono,33
Giedrių,991,409,41.27,Vilkaviškio rajono,34
Klampučių,380,130,34.21,Vilkaviškio rajono,35
Serdokų,281,131,46.62,Vilkaviškio rajono,36
Uosių,621,231,37.2,Vilkaviškio rajono,37
Gražiškių,798,265,33.21,Vilkaviškio rajono,38
Girėnų,390,143,36.67,Vilkaviškio rajono,39
Vištyčio,614,337,54.89,Vilkaviškio rajono,40
Vartų,201,69,34.33,Vilkaviškio rajono,41
Pūstapėdžių,562,217,38.61,Vilkaviškio rajono,42
Slabadų,252,135,53.57,Vilkaviškio rajono,43
Stirniškių,638,261,40.91,Vilkaviškio rajono,44
Gedimino,5783,2430,42.02,Vilniaus miesto,2
Saltoniškių,2875,1694,58.92,Vilniaus miesto,3
Sėlių,1218,677,55.58,Vilniaus miesto,4
Vytauto,2759,1618,58.64,Vilniaus miesto,6
Birutės,1914,1213,63.38,Vilniaus miesto,7
Pamėnkalnio,960,576,60.0,Vilniaus miesto,8
Taurakalnio,1506,951,63.15,Vilniaus miesto,10
S. Konarskio,3495,2085,59.66,Vilniaus miesto,12
Mindaugo,2234,1252,56.04,Vilniaus miesto,13
Vytenio,2203,1235,56.06,Vilniaus miesto,15
Naugarduko,2783,1327,47.68,Vilniaus miesto,16
Algirdo,3289,1609,48.92,Vilniaus miesto,17
Muitininkų,5333,3112,58.35,Vilniaus miesto,24
Kauno Vokės,3192,1272,39.85,Vilniaus miesto,25
Kunigiškių,2721,1194,43.88,Vilniaus miesto,26
Šviesos,3016,1260,41.78,Vilniaus miesto,27
Trakų Vokės,2793,1382,49.48,Vilniaus miesto,48
Melioratorių,3407,1481,43.47,Vilniaus miesto,50
Dailės,1101,668,60.67,Vilniaus miesto,51
Užupio,2402,1479,61.57,Vilniaus miesto,52
A. Krutulio,3332,1916,57.5,Vilniaus miesto,53
A. Juozapavičiaus,3058,1584,51.8,Vilniaus miesto,54
Didlaukio,3989,2177,54.58,Vilniaus miesto,55
Licėjaus,3204,1395,43.54,Vilniaus miesto,56
Senvagės,3840,1925,50.13,Vilniaus miesto,57
V. Sirokomlės,6070,3631,59.82,Vilniaus miesto,59
S. Nėries,2009,1280,63.71,Vilniaus miesto,60
Naugarduko,2656,1524,57.38,Vilniaus miesto,62
A. Vienuolio,1775,1029,57.97,Vilniaus miesto,65
M. Daukšos,3124,1476,47.25,Vilniaus miesto,66
V. Šopeno,2220,1062,47.84,Vilniaus miesto,67
Liudvinavo,1899,798,42.02,Vilniaus miesto,78
Filaretų,2608,1490,57.13,Vilniaus miesto,101
Olandų,858,507,59.09,Vilniaus miesto,102
L. Sapiegos,3926,2368,60.32,Vilniaus miesto,104
Šilo,3206,2001,62.41,Vilniaus miesto,105
Antakalnio,3203,1887,58.91,Vilniaus miesto,107
Švyturio,3429,1826,53.25,Vilniaus miesto,109
B. Sruogos,3648,2352,64.47,Vilniaus miesto,111
Saulėtekio,4031,2442,60.58,Vilniaus miesto,112
Markučių,2867,1135,39.59,Vilniaus miesto,115
Liepkalnio,4148,1689,40.72,Vilniaus miesto,116
Antavilių,2261,1338,59.18,Vilniaus miesto,120
Dvarčionių,4330,2255,52.08,Vilniaus miesto,121
Žirmūnų,2461,1387,56.36,Vilniaus miesto,151
Kareivių,2536,1298,51.18,Vilniaus miesto,152
Prekybininkų,3006,1676,55.76,Vilniaus miesto,153
Miestelio,2269,1136,50.07,Vilniaus miesto,154
Moksleivių,2485,1288,51.83,Vilniaus miesto,155
Raitininkų,2293,1454,63.41,Vilniaus miesto,156
Sporto,2726,1586,58.18,Vilniaus miesto,157
Kazliškių,1833,1094,59.68,Vilniaus miesto,158
Rinktinės,2124,1278,60.17,Vilniaus miesto,159
Tuskulėnų,1693,1033,61.02,Vilniaus miesto,160
Trimitų,1696,904,53.3,Vilniaus miesto,161
Minties,1866,1037,55.57,Vilniaus miesto,162
Asiūklių,3240,1813,55.96,Vilniaus miesto,163
Apkasų,2207,1154,52.29,Vilniaus miesto,164
Verkių,1778,982,55.23,Vilniaus miesto,165
Kalvarijų,2156,1077,49.95,Vilniaus miesto,166
Balsių,4748,2747,57.86,Vilniaus miesto,200
Popieriaus,2773,1190,42.91,Vilniaus miesto,201
Mokyklos,4241,2575,60.72,Vilniaus miesto,202
Baltupių,3278,1928,58.82,Vilniaus miesto,203
Gabijos,4088,2194,53.67,Vilniaus miesto,204
Fabijoniškių,4017,2067,51.46,Vilniaus miesto,205
Jovaro,3827,2047,53.49,Vilniaus miesto,206
S. Stanevičiaus,3934,2101,53.41,Vilniaus miesto,207
Kaimelio,2715,1403,51.68,Vilniaus miesto,208
L. Giros,3493,1855,53.11,Vilniaus miesto,209
P. Žadeikos,2161,1242,57.47,Vilniaus miesto,210
Gedvydžių,3008,1688,56.12,Vilniaus miesto,211
Rugių,4417,2616,59.23,Vilniaus miesto,212
S. Nėries,4037,2001,49.57,Vilniaus miesto,213
Pavilnionių,5435,2670,49.13,Vilniaus miesto,214
Bajorų,3093,1622,52.44,Vilniaus miesto,215
J. Baltrušaičio,2806,1573,56.06,Vilniaus miesto,216
Šešuolių,772,415,53.76,Vilniaus miesto,251
Viršuliškių,2056,1092,53.11,Vilniaus miesto,252
Lūžių,2740,1453,53.03,Vilniaus miesto,253
Mokslo,3301,1722,52.17,Vilniaus miesto,254
Čiobiškio,3231,1658,51.32,Vilniaus miesto,255
Musninkų,3730,1950,52.28,Vilniaus miesto,256
Dūkštų,2668,1481,55.51,Vilniaus miesto,257
Šeškinės,2283,1190,52.12,Vilniaus miesto,258
Ukmergės,3387,1707,50.4,Vilniaus miesto,259
Žygimanto Augusto,2193,1143,52.12,Vilniaus miesto,260
Paberžės,3698,2021,54.65,Vilniaus miesto,261
Gelvonų,3888,2164,55.66,Vilniaus miesto,262
Rygos,3602,1768,49.08,Vilniaus miesto,301
Taikos,4216,2268,53.8,Vilniaus miesto,302
Justiniškių,3985,2096,52.6,Vilniaus miesto,303
M. Biržiškos,3730,2089,56.01,Vilniaus miesto,304
Statybininkų,3243,1652,50.94,Vilniaus miesto,305
Sietuvos,3248,1769,54.46,Vilniaus miesto,306
Žemynos,4378,2400,54.82,Vilniaus miesto,307
Medeinos,4344,2331,53.66,Vilniaus miesto,308
Pašilaičių,4205,2366,56.27,Vilniaus miesto,309
Papilėnų,3159,1756,55.59,Vilniaus miesto,310
Įsruties,3714,2079,55.98,Vilniaus miesto,311
Vydūno,2998,1564,52.17,Vilniaus miesto,312
Tujų,2688,1385,51.53,Vilniaus miesto,351
Sausio 13-osios,3013,1697,56.32,Vilniaus miesto,352
Bokšto,3170,1734,54.7,Vilniaus miesto,353
L. Asanavičiūtės,3489,1930,55.32,Vilniaus miesto,356
V. Druskio,2551,1390,54.49,Vilniaus miesto,357
R. Jankausko,1901,1067,56.13,Vilniaus miesto,358
D. Gerbutavičiaus,1648,925,56.13,Vilniaus miesto,359
Sietyno,2448,1382,56.45,Vilniaus miesto,360
A. P. Kavoliuko,2866,1496,52.2,Vilniaus miesto,361
V. Vaitkaus,1952,1074,55.02,Vilniaus miesto,362
A. J. Povilaičio,2323,1208,52.0,Vilniaus miesto,363
Laisvės,2739,1441,52.61,Vilniaus miesto,364
Pilaitės,5229,2764,52.86,Vilniaus miesto,369
Kriaučiūnų,560,260,46.43,Vilniaus miesto,370
Vingio,2593,1358,52.37,Vilniaus miesto,401
Geležinio Vilko,2615,1106,42.29,Vilniaus miesto,403
Gluosnių,2793,1475,52.81,Vilniaus miesto,405
Skroblų,3475,1573,45.27,Vilniaus miesto,407
Vilkpėdės,1792,837,46.71,Vilniaus miesto,408
Riešuto,1928,1024,53.11,Vilniaus miesto,410
Titnago,3922,1674,42.68,Vilniaus miesto,411
Aukštųjų Panerių,1436,542,37.74,Vilniaus miesto,412
Bukčių,4186,2426,57.96,Vilniaus miesto,413
Akacijų,2569,1437,55.94,Vilniaus miesto,414
Oslo,4052,2193,54.12,Vilniaus miesto,415
Žėručio,3076,1771,57.57,Vilniaus miesto,416
Paparčio,2827,1466,51.86,Vilniaus miesto,417
Salininkų,2477,970,39.16,Vilniaus miesto,451
Lietuvių namų,2583,1019,39.45,Vilniaus miesto,452
Dzūkų,2763,1190,43.07,Vilniaus miesto,453
Kapsų,1367,537,39.28,Vilniaus miesto,454
Dariaus ir Girėno,1441,645,44.76,Vilniaus miesto,455
Kaminkelio,2516,1000,39.75,Vilniaus miesto,456
Naujininkų,1706,875,51.29,Vilniaus miesto,457
Brolių,2116,937,44.28,Vilniaus miesto,458
Gimnazijos,1765,787,44.59,Vilniaus miesto,459
Kirtimų,1443,530,36.73,Vilniaus miesto,460
Palydovo,2415,1041,43.11,Vilniaus miesto,461
Rugiagėlių,2316,931,40.2,Vilniaus miesto,462
A. Kojelavičiaus,1549,526,33.96,Vilniaus miesto,463
Užusienio,966,467,48.34,Vilniaus miesto,464
Genių,1731,790,45.64,Vilniaus miesto,465
Pergalės,2932,1332,45.43,Vilniaus miesto,466
Darželio,1950,888,45.54,Vilniaus miesto,467
Karklėnų,2835,1332,46.98,Vilniaus miesto,468
J. Kolaso,5165,2424,46.93,Vilniaus miesto,469
Parko,3814,1721,45.12,Vilniaus miesto,470
Pramonės,1368,503,36.77,Vilniaus miesto,471
Avižienių,2290,1270,55.46,Vilniaus rajono,1
Riešės,1831,1117,61.0,Vilniaus rajono,2
Buivydžių,1019,735,72.13,Vilniaus rajono,3
Buivydiškių,3866,2382,61.61,Vilniaus rajono,4
Platiniškių,743,407,54.78,Vilniaus rajono,5
Čekoniškių,985,583,59.19,Vilniaus rajono,6
Bezdonių,2119,1033,48.75,Vilniaus rajono,7
Baltosios Vokės,1364,543,39.81,Vilniaus rajono,8
Pagirių,3295,1604,48.68,Vilniaus rajono,9
Keturiasdešimties Totorių,1092,454,41.58,Vilniaus rajono,10
Grigaičių,1331,774,58.15,Vilniaus rajono,11
Kyviškių,1170,630,53.85,Vilniaus rajono,12
Dūkštų,837,550,65.71,Vilniaus rajono,13
Geisiškių,653,483,73.97,Vilniaus rajono,14
Pakenės,888,546,61.49,Vilniaus rajono,15
Kalvelių,1744,917,52.58,Vilniaus rajono,16
Šumsko,1319,742,56.25,Vilniaus rajono,17
Mostiškių,863,498,57.71,Vilniaus rajono,18
Lavoriškių,1299,735,56.58,Vilniaus rajono,19
Maišiagalos,1615,881,54.55,Vilniaus rajono,20
Karvio,854,526,61.59,Vilniaus rajono,21
Marijampolio,1156,673,58.22,Vilniaus rajono,22
Parudaminio,886,440,49.66,Vilniaus rajono,23
Mickūnų,2849,1464,51.39,Vilniaus rajono,24
Galgių,1493,866,58.0,Vilniaus rajono,25
Medininkų,1070,634,59.25,Vilniaus rajono,26
Nemėžio,3527,1539,43.63,Vilniaus rajono,27
Skaidiškių,3919,1486,37.92,Vilniaus rajono,28
Kabiškių,883,446,50.51,Vilniaus rajono,29
Rudausių,802,376,46.88,Vilniaus rajono,30
Eitminiškių,718,399,55.57,Vilniaus rajono,32
Paberžės,1850,780,42.16,Vilniaus rajono,33
Glitiškių,679,316,46.54,Vilniaus rajono,34
Visalaukės,631,331,52.46,Vilniaus rajono,35
Didžiosios Riešės,2915,1833,62.88,Vilniaus rajono,36
Pikeliškių,1630,886,54.36,Vilniaus rajono,37
Rudaminos,3803,1910,50.22,Vilniaus rajono,38
Kalviškių,936,486,51.92,Vilniaus rajono,39
Valčiūnų,1912,900,47.07,Vilniaus rajono,40
Rukainių,1481,909,61.38,Vilniaus rajono,41
Senasalio,373,270,72.39,Vilniaus rajono,42
Savičiūnų,670,422,62.99,Vilniaus rajono,43
Sudervės,2067,1133,54.81,Vilniaus rajono,44
Sužionių,657,393,59.82,Vilniaus rajono,45
Veriškių,599,348,58.1,Vilniaus rajono,46
Skirlėnų,464,325,70.04,Vilniaus rajono,47
Mažųjų Lygainių,398,276,69.35,Vilniaus rajono,48
Juodšilių,2149,1232,57.33,Vilniaus rajono,49
Nemenčinės,2377,1177,49.52,Vilniaus rajono,51
Neries,2110,1116,52.89,Vilniaus rajono,52
Bukiškio,1739,1046,60.15,Vilniaus rajono,53
Kreivalaužių,943,447,47.4,Vilniaus rajono,54
Rakonių,857,504,58.81,Vilniaus rajono,55
Draugystės,1372,586,42.71,Visagino,1
Gerosios Vilties,933,373,39.98,Visagino,2
Sedulinos,1008,352,34.92,Visagino,3
Atgimimo,1157,433,37.42,Visagino,4
Ateities,1308,485,37.08,Visagino,5
Atžalyno,1320,475,35.98,Visagino,6
Orbitos,802,271,33.79,Visagino,7
Kosmoso,991,347,35.02,Visagino,8
Taikos,1091,421,38.59,Visagino,9
Vilties,1133,438,38.66,Visagino,10
Bangos,1158,493,42.57,Visagino,11
Auksinio gaidelio,1088,374,34.38,Visagino,12
Vilties šaltinio,1112,423,38.04,Visagino,13
Gintarėlio,1321,487,36.87,Visagino,14
Ąžuoliuko,1168,344,29.45,Visagino,15
Žiburio,1301,474,36.43,Visagino,16
Antalieptės,583,249,42.71,Zarasų rajono,1
Antazavės,522,278,53.26,Zarasų rajono,2
Šniukštų,336,164,48.81,Zarasų rajono,3
Baibių,462,237,51.3,Zarasų rajono,4
Degučių,392,188,47.96,Zarasų rajono,5
Avilių,341,203,59.53,Zarasų rajono,6
Imbrado,522,242,46.36,Zarasų rajono,7
Biržūnų,254,139,54.72,Zarasų rajono,8
Salako,672,339,50.45,Zarasų rajono,9
Samanių,238,93,39.08,Zarasų rajono,10
Suvieko,383,199,51.96,Zarasų rajono,11
Dimitriškių,546,227,41.58,Zarasų rajono,12
Magučių,459,174,37.91,Zarasų rajono,13
Šaulių,343,119,34.69,Zarasų rajono,14
Štadvilių,572,262,45.8,Zarasų rajono,15
Kimbartiškės,325,176,54.15,Zarasų rajono,16
Smalvų,224,100,44.64,Zarasų rajono,17
Turmanto,644,258,40.06,Zarasų rajono,18
Dusetų,1047,464,44.32,Zarasų rajono,19
Sadūnų,223,99,44.39,Zarasų rajono,20
Užtiltės,1087,558,51.33,Zarasų rajono,21
Zarasų rytų,2837,1308,46.11,Zarasų rajono,22
Zarasų vakarų,1714,766,44.69,Zarasų rajono,23
Zarasų šiaurės,1428,743,52.03,Zarasų rajono,24
